Tuyến cáp,lat1,lon1,lat2,lon2,Desc
Đà Nẵng#TTCMKV#Cẩm Lệ-DNCL09,1 6.01692,108.2035,16.03661,108.20921,DNCL28-DNCL09
Đà Nẵng#TTCMKV#Liên Chiểu-DNTK31,16.07427,108.1583,16.07298,108.17773,DNLC15-DNTK31
Đà Nẵng#TTCMKV#Liên Chiểu-Đà Nẵng#CAX#Liên Chiểu,16.07427,108.1583,16.07665,108.1457,DNLC1P-DNLC15
Đà Nẵng#TTCMKV#Liên Chiểu-DNLC07,16.07427,108.1583,16.09007,108.14254,DNLC07-DNLC15
Đà Nẵng#TTCMKV#Sơn Trà-DNST28,16.0701,108.2336,16.05768,108.24085,DNST87-DNST28
Quảng Trị#TTCMKV#Cam Lộ-Quảng Trị#CAX#Hiếu Giang,16.80733,106.9927,16.80435,107.0406,QTCL13-QTCL34
Quảng Trị#TTCMKV#Cam Lộ-QTCL08,16.80733,106.9927,16.82654,107.00301,QTCL08-QTCL34
Quảng Trị#TTCMKV#Cam Lộ-QTCL09,16.80733,106.9927,16.79332,106.96828,QTCL34-QTCL09
Quảng Trị#TTCMKV#TT2 Quảng Trị-QTCL02,16.79036,107.1043,16.74525,106.9641,QTCL02-QTDH14
Quảng Trị#TTCMKV#TT2 Quảng Trị-Quảng Trị#Phòng#Trung tâm sát hạch lái xe,16.79036,107.1043,16.79029,107.091,QTDH50-QTDH14
Quảng Trị#TTCMKV#TT2 Quảng Trị-Quảng Trị#TTCMKV#TX Quảng Trị,16.79036,107.1043,16.73942,107.1883,QTQT09-QTDH14
Quảng Trị#TTCMKV#Hải Lăng-QTTP08,16.69184,107.2455,16.88189,107.2065,QTTP08-QTHL25
Quảng Trị#TTCMKV#Hải Lăng-Quảng Trị#TTCMKV#TX Quảng Trị,16.69184,107.2455,16.73942,107.1883,QTHL25-QTQT09
Quảng Trị#TTCMKV#Hải Lăng-Quảng Trị#CAX#Mỹ Thủy,16.69184,107.2455,16.72653,107.335,QTHL10-QTHL25
"Quảng Trị#TTCMKV#Hải Lăng-Quảng Trị#Phòng#Phòng PC07, Đội PCCC khu vực Hải lăng",16.69184,107.2455,16.71074,107.2445,QTHL25-QTHL03
Quảng Trị#TTCMKV#Hải Lăng-QTHL06,16.69184,107.2455,16.66435,107.27957,QTHL25-QTHL06
Quảng Trị#TTCMKV#Hải Lăng-QTHL28,16.69184,107.2455,16.69882,107.26566,QTHL25-QTHL28
Quảng Trị#TTCMKV#TX Quảng Trị-Quảng Trị#TTCMKV#Hải Lăng,16.73942,107.1883,16.69184,107.2455,QTHL25-QTQT09
Quảng Trị#TTCMKV#TX Quảng Trị-Quảng Trị#TTCMKV#TT2 Quảng Trị,16.73942,107.1883,16.79036,107.1043,QTQT09-QTDH14
Quảng Trị#TTCMKV#TX Quảng Trị-Quảng Trị#CAX#Vĩnh Định,16.73942,107.1883,16.7645,107.224,QTHL19-QTQT09
Quảng Trị#TTCMKV#TX Quảng Trị-QTHL12,16.73942,107.1883,16.7409,107.19352,QTHL12-QTQT09
Quảng Trị#TTCMKV#TX Quảng Trị-Quảng Trị#CAX#Hải Lăng,16.73942,107.1883,16.7306,107.2084,QTHL05-QTQT09
Quảng Trị#TTCMKV#TX Quảng Trị-QTTP21,16.73942,107.1883,16.772,107.18918,QTTP21-QTQT09
Quảng Trị#TTCMKV#TX Quảng Trị-QTQT05,16.73942,107.1883,16.74284,107.1853,QTQT05-QTQT09
"Quảng Trị#TTCMKV#TX Quảng Trị-Quảng Trị#Phòng#Phòng PC07, Đội PCCC khu vực 5",16.73942,107.1883,16.75634,107.1986,QTQT06-QTQT09
Quảng Trị#TTCMKV#TX Quảng Trị-QTQT03,16.73942,107.1883,16.74744,107.17837,QTQT09-QTQT03
Quảng Trị#TTCMKV#TX Quảng Trị-QTQT03,16.73942,107.1883,16.74744,107.17837,QTQT03-QTQT09
Huế#CAX#Hương Trà-HUHA08,16.5235,107.4753,16.50409,107.51433,HUHA08-HUHA01
Huế#CAX#Hương Trà-HUQD08,16.5235,107.4753,16.55725,107.48646,HUQD08-HUHA01
Huế#CAX#Hương Trà-HUHA21,16.5235,107.4753,16.49953,107.44453,HUHA01-HUHA21
Huế#CAX#Hương Trà-HUHA09,16.5235,107.4753,16.48623,107.49847,HUHA09-HUHA01
Huế#CAX#Hương Trà-HUPD22,16.5235,107.4753,16.55369,107.44243,HUHA01-HUPD22
Huế#CAX#Thanh Thủy (CS1)-HUHU86,16.4431,107.6164,16.43848,107.59922,HUHU86-HUHT32
Huế#CAX#Thanh Thủy (CS1)-HUHT19,16.4431,107.6164,16.44568,107.64968,HUHT19-HUHT32
Huế#CAX#Thanh Thủy (CS1)-HUHT21,16.4431,107.6164,16.42066,107.58053,HUHT21-HUHT32
Huế#CAX#Thanh Thủy (CS1)-Huế#CAX#Hương Thủy,16.4431,107.6164,16.4232,107.6651,HUHT15-HUHT32
Huế#CAX#Thanh Thủy (CS1)-HUHT18,16.4431,107.6164,16.4562,107.62,HUHT32-HUHT18
Huế#CAX#Thanh Thủy (CS1)-Huế#CAX#Thanh Thủy (CS2),16.4431,107.6164,16.4432,107.6205,HUHT32-HUHT12
Huế#CAX#Thanh Thủy (CS1)-HUHU49,16.4431,107.6164,16.435611,107.565278,HUHT32-HUHU49
Huế#CAX#Thanh Thủy (CS1)-HUHU34,16.4431,107.6164,16.44669,107.59563,HUHT32-HUHU34
Huế#TTCMKV#CAT TT Huế mới-HUPV18,16.47699,107.6256,16.49246,107.60472,HUPV18-HUPV08
Huế#TTCMKV#CAT TT Huế mới-HUPV09,16.47699,107.6256,16.48118,107.68446,HUPV08-HUPV09
Huế#TTCMKV#CAT TT Huế mới-HUHTMA01,16.47699,107.6256,16.41168,107.67333,HUPV08-HUHTMA01
Huế#TTCMKV#CAT TT Huế mới-HUPV01,16.47699,107.6256,16.54695,107.63797,HUPV01-HUPV08
Quảng Nam#TTCMKV#Hội An-QAHA03,15.88074,108.3319,15.87225,108.33853,QAHA03-QAHA06
Quảng Nam#TTCMKV#Hội An-QAHA32,15.88074,108.3319,15.90198,108.31081,QAHA32-QAHA06
Quảng Nam#TTCMKV#Hội An-QAHA27,15.88074,108.3319,15.881811,108.327432,QAHA06-QAHA27
Quảng Nam#TTCMKV#Thăng Bình-Quảng Nam#CAX#Quế Sơn Trung,15.73582,108.3517,15.73686,108.2884,QAQS10-QATB_newsite 2
Quảng Nam#TTCMKV#Thăng Bình-QAQS03,15.73582,108.3517,15.71113,108.26722,QAQS03-QATB_newsite 2
Quảng Nam#TTCMKV#Thăng Bình-QAQS19,15.73582,108.3517,15.76923,108.32967,QAQS19-QATB_newsite 2
Quảng Nam#CAX#Thăng Trường-QANT04,15.65096,108.4856,15.58422,108.55311,QANT04-QATB35
Quảng Nam#CAX#Thăng Trường-QATB32,15.65096,108.4856,15.718,108.46406,QATB35-QATB32
Quảng Nam#CAX#Thăng Trường-QATK39,15.65096,108.4856,15.565,108.4933,QATB35-QATK39
Quảng Nam#CAX#Thăng Trường-QADX35,15.65096,108.4856,15.83046,108.37688,QADX35-QATB35
Quảng Nam#CAX#Thăng Trường-QATK39,15.65096,108.4856,15.565,108.4933,QATB35-QATK39
Quảng Nam#CAX#Thăng Trường-QATB03,15.65096,108.4856,15.77736,108.42229,QATB03-QATB35
"Quảng Nam#CAX#Thăng Điền-Quảng Nam#Phòng#Trạm CSGT Thăng Bình (X. Bình Phục, Thăng Bình)",15.64444,108.4255,15.72009,108.3759,QATB14-QATB31
Quảng Nam#CAX#Thăng Điền-QATK43,15.64444,108.4255,15.58715,108.47165,QATB31-QATK43
Quảng Nam#CAX#Thăng Điền-QAQS05,15.64444,108.4255,15.78838,108.32133,QATB31-QAQS05
Quảng Nam#CAX#Thăng Điền-Quảng Nam#TTCMKV#TT2 Tam Kỳ,15.64444,108.4255,15.57447,108.4746,QATK71-QATB31
Quảng Nam#TTCMKV#TT2 Tam Kỳ-Quảng Nam#CAX#Thăng Phú,15.57447,108.4746,15.6326,108.3741,QATB34-QATK71
Quảng Nam#TTCMKV#TT2 Tam Kỳ-QAPN26,15.57447,108.4746,15.62196,108.43964,QAPN26-QATK71
Quảng Nam#TTCMKV#TT2 Tam Kỳ-QATK43,15.57447,108.4746,15.58715,108.47165,QATK43-QATK71
Quảng Nam#TTCMKV#TT2 Tam Kỳ-Quảng Nam#Phòng#PA06,15.57447,108.4746,15.58103,108.4692,QATK71-QATK37
Quảng Nam#TTCMKV#TT2 Tam Kỳ-QATK24,15.57447,108.4746,15.56684,108.47923,QATK71-QATK24
Quảng Nam#TTCMKV#TT2 Tam Kỳ-Quảng Nam#Phòng#PC11,15.57447,108.4746,15.55858,108.45,QATK71-QATK22
Quảng Nam#TTCMKV#TT2 Tam Kỳ-Quảng Nam#Phòng#PK02,15.57447,108.4746,15.58243,108.4643,QATK71-QATK15
Quảng Nam#TTCMKV#TT2 Tam Kỳ-Quảng Nam#Phòng#PC07,15.57447,108.4746,15.57504,108.4772,QATK71-QATK18
Quảng Nam#TTCMKV#TT2 Tam Kỳ-Quảng Nam#CAX#Thăng Điền,15.57447,108.4746,15.64444,108.4255,QATK71-QATB31
Bình Định#CAX#Phù Cát-Bình Định#CAX#Hòa Hội,13.9825,109.0617,14.069138,109.045012,BDPC01-BDPC03
Bình Định#CAX#Phù Cát-BDPC08,13.9825,109.0617,13.9814,109.0939,BDPC03-BDPC08
Bình Định#CAX#Quy Nhơn Nam-BDQN_newsite1,13.75546,109.207434,13.744281,109.209951,BDQN31-BDQN_newsite1
Bình Định#CAX#Quy Nhơn Nam-Bình Định#Phòng#Khối CQ CSĐT,13.75546,109.207434,13.75707,109.2124,BDQN31-BDQN23
Bình Định#CAX#Quy Nhơn Nam-BDQN33,13.75546,109.207434,13.762723,109.209894,BDQN31-BDQN33
Bình Định#CAX#Quy Nhơn Nam-BDQN80,13.75546,109.207434,13.76949,109.19146,BDQN31-BDQN80
Bình Định#CAX#Quy Nhơn Nam-Bình Định#Phòng#PC08,13.75546,109.207434,13.7951,109.1577,BDQN31-BDQN58
Bình Định#TTCMKV#TT1 Gia Lai-BDQN39,13.76939,109.2255,13.78153,109.228,BDQN39-BDQNMA01
Bình Định#TTCMKV#TT1 Gia Lai-BDQN91,13.76939,109.2255,13.77927,109.23581,BDQN91-BDQNMA01
Bình Định#TTCMKV#TT1 Gia Lai-Bình Định#Phòng#PC06,13.76939,109.2255,13.772,109.227,BDQN62-BDQNMA01
Bình Định#TTCMKV#TT1 Gia Lai-BDQN16,13.76939,109.2255,13.78948,109.19601,BDQN16-BDQNMA01
Bình Định#TTCMKV#TT1 Gia Lai-BDQN75,13.76939,109.2255,13.78456472,109.2196069,BDQN75-BDQNMA01
Bình Định#CAX#Tuy Phước Đông-BDPC23,13.866592,109.188108,13.92076,109.21033,BDPC23-BDTP04
Bình Định#CAX#Tuy Phước Đông-BDPC06,13.866592,109.188108,14.0124,109.241,BDPC06-BDTP04
Bình Định#CAX#Tuy Phước Đông-BDTP10,13.866592,109.188108,13.84043,109.19265,BDTP10-BDTP04
Quảng Ngãi#TTCMKV#Bình Sơn-QNST02,15.29712,108.7621,15.20067,108.79055,QNST02-QNBS23
Quảng Ngãi#TTCMKV#Bình Sơn-QNBS26,15.29712,108.7621,15.30152,108.82293,QNBS23-QNBS26
Quảng Ngãi#TTCMKV#Bình Sơn-Quảng Ngãi#CAX#Bình Chương,15.29712,108.7621,15.27299,108.7215,QNBS28-QNBS23
Quảng Ngãi#TTCMKV#Bình Sơn-QNBS15,15.29712,108.7621,15.28448,108.74049,QNBS15-QNBS23
Quảng Ngãi#TTCMKV#Bình Sơn-QNBS25,15.29712,108.7621,15.274461,108.770897,QNBS25-QNBS23
Quảng Ngãi#TTCMKV#Bình Sơn-QNBS07,15.29712,108.7621,15.32259,108.76814,QNBS23-QNBS07
Quảng Ngãi#TTCMKV#Bình Sơn-QNBS16,15.29712,108.7621,15.29159,108.79627,QNBS23-QNBS16
Quảng Ngãi#TTCMKV#Bình Sơn-QNBS54,15.29712,108.7621,15.31067,108.75268,QNBS23-QNBS54
Quảng Ngãi#TTCMKV#Bình Sơn-QNBS52,15.29712,108.7621,15.299702,108.752375,QNBS23-QNBS52
Quảng Ngãi#TTCMKV#Bình Sơn-Quảng Ngãi#CAX#Vạn Tường,15.29712,108.7621,15.33626,108.8415,QNBS23-QNBS03
Quảng Ngãi#TTCMKV#Bình Sơn-QNBS26,15.29712,108.7621,15.30152,108.82293,QNBS23-QNBS26
Quảng Ngãi#CAX#Mộ Đức-Quảng Ngãi#CAX#Nghĩa Hành,14.94789,108.8879,15.04397,108.7766,QNNH21-QNMD25
Quảng Ngãi#CAX#Mộ Đức-QNTN05,14.94789,108.8879,15.05898,108.84332,QNMD25-QNTN05
Quảng Ngãi#CAX#Mộ Đức-QNMD05,14.94789,108.8879,14.92405,108.89965,QNMD25-QNMD05
Quảng Ngãi#CAX#Mộ Đức-QNMD12,14.94789,108.8879,14.94605,108.86027,QNMD12-QNMD25
Quảng Ngãi#CAX#Mộ Đức-QNMD19,14.94789,108.8879,14.90552,108.91163,QNMD19-QNMD25
Quảng Ngãi#CAX#Mộ Đức-QNNH03,14.94789,108.8879,14.98693,108.83602,QNMD25-QNNH03
Quảng Ngãi#CAX#Mộ Đức-QNMD10,14.94789,108.8879,15.01246,108.87124,QNMD25-QNMD10
Quảng Ngãi#CAX#Mộ Đức-Quảng Ngãi#CAX#Lân Phong,14.94789,108.8879,14.92761,108.9179,QNMD25-QNMD24
Quảng Ngãi#CAX#Mộ Đức-QNNH03,14.94789,108.8879,14.98693,108.83602,QNMD25-QNNH03
Quảng Ngãi#CAX#Mộ Đức-QNTN05,14.94789,108.8879,15.05898,108.84332,QNMD25-QNTN05
Quảng Ngãi#CAX#Nghĩa Hành-QNQN02,15.04397,108.7766,15.121807,108.768932,QNQN02-QNNH21
Quảng Ngãi#CAX#Nghĩa Hành-Quảng Ngãi#CAX#Mộ Đức,15.04397,108.7766,14.94789,108.8879,QNNH21-QNMD25
Quảng Ngãi#CAX#Nghĩa Hành-Quảng Ngãi#CAX#Phước Giang,15.04397,108.7766,15.04567,108.7422,QNNH21-QNNH05
Quảng Ngãi#CAX#Nghĩa Hành-QNMD02,15.04397,108.7766,14.885983,108.918403,QNNH21-QNMD02
Quảng Ngãi#CAX#Nghĩa Hành-QNNH16,15.04397,108.7766,15.04128,108.79722,QNNH21-QNNH16
Quảng Ngãi#CAX#Nghĩa Hành-QNNH04,15.04397,108.7766,15.07944,108.77991,QNNH04-QNNH21
Quảng Ngãi#CAX#Nghĩa Hành-QNTN10,15.04397,108.7766,15.094146,108.75043,QNTN10-QNNH21
Quảng Ngãi#CAX#Nghĩa Hành-QNTN43,15.04397,108.7766,15.110232,108.719926,QNTN43-QNNH21
Quảng Ngãi#TTCMKV#TT1 Quảng Ngãi-QNBS26,15.121,108.7921,15.30152,108.82293,QNBS26-QNQN2J
Quảng Ngãi#TTCMKV#TT1 Quảng Ngãi-QNQN78,15.121,108.7921,15.187291,108.885475,QNQN78-QNQN2J
Quảng Ngãi#TTCMKV#TT1 Quảng Ngãi-QNTN05,15.121,108.7921,15.05898,108.84332,QNTN05-QNQN2J
Quảng Ngãi#TTCMKV#TT1 Quảng Ngãi-Quảng Ngãi#Phòng ban#khối phòng CAT KV P.NL,15.121,108.7921,15.12811,108.7955,QNQN31-QNQN2J
Quảng Ngãi#TTCMKV#TT1 Quảng Ngãi-QNQN21,15.121,108.7921,15.125751,108.793376,QNQN21-QNQN2J
Quảng Ngãi#TTCMKV#TT1 Quảng Ngãi-QNQN99,15.121,108.7921,15.14203,108.79972,QNQN99-QNQN2J
Quảng Ngãi#Phòng ban#TTCMKV Tư Nghĩa-QNQN26,15.08352,108.8265,15.11033,108.84444,QNQN26-QNTN_newsite1
Quảng Ngãi#Phòng ban#TTCMKV Tư Nghĩa-QNTN13,15.08352,108.8265,15.07724,108.83239,QNTN13-QNTN_newsite1
Quảng Ngãi#Phòng ban#TTCMKV Tư Nghĩa-Quảng Ngãi#CAX#Tư Nghĩa,15.08352,108.8265,15.09092,108.8218,QNTN39-QNTN_newsite1
Khánh Hòa#TTCMKV#Cam Lâm-Khánh Hòa#Phòng#PC11a,12.07444,109.1681,12.1757,109.1737,KHNTMA01-KHCLMA01
Khánh Hòa#TTCMKV#Cam Lâm-KHCL17,12.07444,109.1681,12.11886,109.1134173,KHCLMA01-KHCL17
Khánh Hòa#TTCMKV#Cam Lâm-Khánh Hòa#Phòng#Cảng HKQT Cam Ranh,12.07444,109.1681,11.99821,109.2188,KHCLMA01-KHCR10
Khánh Hòa#TTCMKV#Cam Ranh-KHCL03,11.92552,109.1637,11.99699,109.12421,KHCR52-KHCL03
Khánh Hòa#TTCMKV#Cam Ranh-KHCR49,11.92552,109.1637,11.91870901,109.145014,KHCR52-KHCR49
Khánh Hòa#TTCMKV#Cam Ranh-KHCR14,11.92552,109.1637,11.90960356,109.1272345,KHCR52-KHCR14
Khánh Hòa#TTCMKV#Cam Ranh-Khánh Hòa#CAX#Cam Linh,11.92552,109.1637,11.90677,109.1464,KHCR52-KHCR18
Khánh Hòa#TTCMKV#Cam Ranh-KHCR50,11.92552,109.1637,11.9188041,109.1602275,KHCR50-KHCR52
Khánh Hòa#CAX#Bắc Cam Ranh-KHCL18,11.9756,109.1961,12.0299,109.1773,KHCR02-KHCL18
Khánh Hòa#CAX#Bắc Cam Ranh-KHCR53,11.9756,109.1961,11.94227001,109.17915,KHCR02-KHCR53
Khánh Hòa#CAX#Bắc Cam Ranh-Khánh Hòa#Phòng#Cảng HKQT Cam Ranh,11.9756,109.1961,11.99821,109.2188,KHCR10-KHCR02
Khánh Hòa#TTCMKV#Diên Khánh-KHDK15,12.2563,109.0941,12.27,109.0894,KHDKMA01-KHDK15
Khánh Hòa#TTCMKV#Diên Khánh-KHNT1M,12.2563,109.0941,12.25462701,109.137053,KHDKMA01-KHNT1M
Khánh Hòa#TTCMKV#Diên Khánh-Khánh Hòa#Phòng#Nhà tạm giam Diên Khánh,12.2563,109.0941,12.24635,109.0729,KHDKMA01-KHDK13
Khánh Hòa#TTCMKV#Diên Khánh-KHNT62,12.2563,109.0941,12.26788503,109.1721217,KHDKMA01-KHNT62
Khánh Hòa#TTCMKV#Diên Khánh-Khánh Hòa#CAX#Diên Điền,12.2563,109.0941,12.27603,109.1203,KHDKMA01-KHDK08
Khánh Hòa#TTCMKV#Diên Khánh-KHCL23,12.2563,109.0941,12.1537068,109.0672539,KHCL23-KHDKMA01
Khánh Hòa#CAX#Diên Lâm-KHDK37,12.26904,109.0334,12.30831901,108.997223,KHDK37-KHDK25
Khánh Hòa#CAX#Diên Lâm-KHDK12,12.26904,109.0334,12.209992,109.042219,KHDK12-KHDK25
Khánh Hòa#CAX#Diên Lâm-Khánh Hòa#CAX#Suối Hiệp,12.26904,109.0334,12.22102,109.0838,KHDK06-KHDK25
Khánh Hòa#CAX#Suối Hiệp-Khánh Hòa#Phòng#Nhà tạm giam Diên Khánh,12.22102,109.0838,12.24635,109.0729,KHDK13-KHDK06
Khánh Hòa#CAX#Suối Hiệp-KHCL23,12.22102,109.0838,12.1537068,109.0672539,KHDK06-KHCL23
Khánh Hòa#CAX#Suối Hiệp-Khánh Hòa#CAX#Diên Lâm,12.22102,109.0838,12.26904,109.0334,KHDK06-KHDK25
Khánh Hòa#CAX#Suối Hiệp-Khánh Hòa#Phòng#PC11a,12.22102,109.0838,12.1757,109.1737,KHNTMA01-KHDK06
Khánh Hòa#TTCMKV#CAT Khánh Hòa-Khánh Hòa#Phòng#CATP Nha trang cũ,12.23211,109.1958,12.24647,109.1894,KHNT83-KHNT24
Khánh Hòa#TTCMKV#CAT Khánh Hòa-Khánh Hòa#Phòng#PC08 (xử lý vi phạm),12.23211,109.1958,12.24807,109.1858,KHNT60-KHNT24
Khánh Hòa#TTCMKV#CAT Khánh Hòa-KHNT28,12.23211,109.1958,12.26617101,109.19621,KHNT28-KHNT24
Khánh Hòa#TTCMKV#CAT Khánh Hòa-Khánh Hòa#CAX#Tây Nha Trang,12.23211,109.1958,12.25114,109.1864,KHNT17-KHNT24
Khánh Hòa#Phòng#PC11a-KHNT59,12.1757,109.1737,12.2108712,109.1887008,KHNTMA01-KHNT59
Khánh Hòa#Phòng#PC11a-KHNT1F,12.1757,109.1737,12.1996477,109.1942289,KHNTMA01-KHNT1F
Khánh Hòa#Phòng#PC11a-KHNT26,12.1757,109.1737,12.22520174,109.1833831,KHNTMA01-KHNT26
Khánh Hòa#Phòng#PC11a-Khánh Hòa#CAX#Suối Hiệp,12.1757,109.1737,12.22102,109.0838,KHNTMA01-KHDK06
Khánh Hòa#Phòng#PC11a-Khánh Hòa#TTCMKV#Cam Lâm,12.1757,109.1737,12.07444,109.1681,KHNTMA01-KHCLMA01
Phú Yên#TTCMKV#Đồng Xuân-Phú Yên#CAX#Tuy An Bắc,13.3773,109.1081,13.308276,109.215649,PYTA14-PYDX01
Phú Yên#TTCMKV#Đồng Xuân-PYSA09,13.3773,109.1081,13.2048,109.0634,PYDX01-PYSA09
Phú Yên#TTCMKV#Đồng Xuân-PYDX04,13.3773,109.1081,13.39901,109.1053,PYDX04-PYDX01
Phú Yên#TTCMKV#Đồng Xuân-PYDX25,13.3773,109.1081,13.364473,109.125588,PYDX25-PYDX01
Phú Yên#TTCMKV#Đồng Xuân-PYTA11,13.3773,109.1081,13.250362,109.118627,PYTA11-PYDX01
Phú Yên#TTCMKV#Đồng Xuân-PYDX20,13.3773,109.1081,13.3725216,109.0860598,PYDX01-PYDX20
Phú Yên#TTCMKV#Phú Hòa-PYSA10,13.0231,109.207,13.06365,109.02528,PYSA10-PYPH04
Phú Yên#TTCMKV#Phú Hòa-Phú Yên#TTCMKV#TT2 Tuy Hòa,13.0231,109.207,13.09474,109.293,PYPH04-PYPY01
Phú Yên#TTCMKV#Phú Hòa-PYPH26,13.0231,109.207,13.010007,109.161929,PYPH26-PYPH04
Phú Yên#TTCMKV#Phú Hòa-PYPH09,13.0231,109.207,13.05668,109.19698,PYPH04-PYPH09
Phú Yên#TTCMKV#Phú Hòa-Phú Yên#CAX#Phú Hòa 2,13.0231,109.207,13.082015,109.216297,PYPH04-PYPH03
Phú Yên#TTCMKV#Phú Hòa-PYPH02,13.0231,109.207,13.056406,109.245334,PYPH04-PYPH02
Phú Yên#TTCMKV#Phú Hòa-PYPH08,13.0231,109.207,13.024902,109.219833,PYPH04-PYPH08
Phú Yên#CAX#Tuy An Bắc-VNPOST Hòa Đa,13.308276,109.215649,13.20203,109.27016,VNPOST Hòa Đa-PYTA14
Phú Yên#CAX#Tuy An Bắc-Phú Yên#TTCMKV#Đồng Xuân,13.308276,109.215649,13.3773,109.1081,PYTA14-PYDX01
Phú Yên#CAX#Tuy An Bắc-Phú Yên#CAX#Tuy An Đông,13.308276,109.215649,13.340476,109.254179,PYTA05-PYTA14
Phú Yên#CAX#Tuy An Bắc-PYTA01,13.308276,109.215649,13.295067,109.233463,PYTA01-PYTA14
Phú Yên#CAX#Tuy An Bắc-PYTA06,13.308276,109.215649,13.31995,109.21291,PYTA06-PYTA14
Phú Yên#CAX#Tuy An Bắc-PYDX08,13.308276,109.215649,13.33919171,109.1711022,PYTA14-PYDX08
Phú Yên#CAX#Tuy An Bắc-PYTA09,13.308276,109.215649,13.31682,109.18458,PYTA14-PYTA09
Phú Yên#CAX#Tuy An Bắc-PYTA16,13.308276,109.215649,13.294215,109.14735,PYTA14-PYTA16
Phú Yên#TTCMKV#TT2 Tuy Hòa-Phú Yên#CAX#Sơn Thành,13.09474,109.293,12.984385,109.095316,PYTH01-PYPY01
Phú Yên#TTCMKV#TT2 Tuy Hòa-Phú Yên#TTCMKV#Phú Hòa,13.09474,109.293,13.0231,109.207,PYPH04-PYPY01
Phú Yên#TTCMKV#TT2 Tuy Hòa-PYSA09,13.09474,109.293,13.2048,109.0634,PYSA09-PYPY01
Phú Yên#TTCMKV#TT2 Tuy Hòa-PYPY35,13.09474,109.293,13.066879,109.335538,PYPY35-PYPY01
Phú Yên#TTCMKV#TT2 Tuy Hòa-PYPH13,13.09474,109.293,13.08552,109.27605,PYPH13-PYPY01
Phú Yên#TTCMKV#TT2 Tuy Hòa-PYPY05,13.09474,109.293,13.07887,109.29451,PYPY05-PYPY01
Phú Yên#TTCMKV#TT2 Tuy Hòa-PYPH19,13.09474,109.293,13.05061,109.27054,PYPH19-PYPY01
Phú Yên#TTCMKV#TT2 Tuy Hòa-Phú Yên#Phòng#PC08,13.09474,109.293,13.071469,109.275869,PYPH17-PYPY01
Phú Yên#Phòng#PK02-PYDH09,13.14724,109.2846,13.034347,109.297636,PYPY16-PYDH09
Phú Yên#Phòng#PK02-VNPOST Hòa Đa,13.14724,109.2846,13.20203,109.27016,PYPY16-VNPOST Hòa Đa
Phú Yên#Phòng#PK02-VNPOST Hòa Đa,13.14724,109.2846,13.20203,109.27016,PYPY16-VNPOST Hòa Đa
Phú Yên#Phòng#PK02-PYPY38,13.14724,109.2846,13.163281,109.29197,PYPY16-PYPY38
Phú Yên#Phòng#PK02-PYPY14,13.14724,109.2846,13.165977,109.27933,PYPY16-PYPY14
Gia Lai#CAX#Ia Tôr-Gia Lai#TTCMKV#Chư Sê,13.737223,107.953534,13.69211,108.0804,GLCS33-GLCR11
Gia Lai#CAX#Ia Tôr-Gia Lai#CAX#Ia Dom,13.737223,107.953534,13.77478,107.6078,GLCR11-GLDC07
Gia Lai#CAX#Ia Tôr-GLCR10,13.737223,107.953534,13.63252,107.92644,GLCR10-GLCR11
Gia Lai#CAX#Ia Tôr-GLCR23,13.737223,107.953534,13.791677,108.001437,GLCR23-GLCR11
Gia Lai#CAX#Ia Tôr-GLCR34,13.737223,107.953534,13.757243,107.87896,GLCR34-GLCR11
Gia Lai#CAX#Ia Tôr-GLCU12,13.737223,107.953534,13.59004,107.95822,GLCU12-GLCR11
Gia Lai#TTCMKV#Chư Sê-Gia Lai#TTCMKV#TT2 Gia Lai,13.69211,108.0804,13.97629,107.9924,GLPK65-GLCS33
Gia Lai#TTCMKV#Chư Sê-Gia Lai#CAX#Ia Tôr,13.69211,108.0804,13.737223,107.953534,GLCS33-GLCR11
Gia Lai#TTCMKV#Chư Sê-GLCS17,13.69211,108.0804,13.579162,108.228008,GLCS17-GLCS33
Gia Lai#TTCMKV#Chư Sê-GLCS28,13.69211,108.0804,13.65337,108.09899,GLCS33-GLCS28
Gia Lai#TTCMKV#Chư Sê-GLCS25,13.69211,108.0804,13.70529,108.09058,GLCS33-GLCS25
Gia Lai#TTCMKV#Chư Sê-GLCS04,13.69211,108.0804,13.69198,108.02816,GLCS33-GLCS04
Gia Lai#CAX#Ia Dom-Gia Lai#CAX#Ia Tôr,13.77478,107.6078,13.737223,107.953534,GLCR11-GLDC07
Gia Lai#CAX#Ia Dom-Gia Lai#TTCMKV#IA Grai,13.77478,107.6078,13.9614,107.8535,GLDC07-GLIG09
Gia Lai#CAX#Ia Dom-GLDC03,13.77478,107.6078,13.79748,107.64458,GLDC03-GLDC07
Gia Lai#CAX#Ia Dom-GLDC03,13.77478,107.6078,13.79748,107.64458,GLDC07-GLDC03
Gia Lai#CAX#Ia Dom-GLIG24,13.77478,107.6078,13.938641,107.481644,GLDC07-GLIG24
Gia Lai#CAX#Đăk Đoa-GLDP07,13.99525,108.1132,13.96895,108.48206,GLDD01-GLDP07
Gia Lai#CAX#Đăk Đoa-Gia Lai#CAX#KDang,13.99525,108.1132,13.99935,108.1742,GLDD01-GLDD03
Gia Lai#CAX#Đăk Đoa-GLDD08,13.99525,108.1132,13.952179,108.13621,GLDD08-GLDD01
Gia Lai#TTCMKV#IA Grai-Gia Lai#CAX#Ia Dom,13.9614,107.8535,13.77478,107.6078,GLDC07-GLIG09
Gia Lai#TTCMKV#IA Grai-GLPK05,13.9614,107.8535,14.02933,107.98911,GLIG09-GLPK05
Gia Lai#TTCMKV#IA Grai-GLIG20,13.9614,107.8535,13.99223,107.84574,GLIG20-GLIG09
Gia Lai#TTCMKV#IA Grai-GLIG14,13.9614,107.8535,13.9146,107.92565,GLIG14-GLIG09
Gia Lai#TTCMKV#IA Grai-GLIG02,13.9614,107.8535,13.93512,107.78781,GLIG02-GLIG09
Gia Lai#TTCMKV#IA Grai-GLIG19,13.9614,107.8535,14.0134749,107.6404002,GLIG19-GLIG09
Gia Lai#TTCMKV#Mang Yang-GLDP07,14.04351,108.2541,13.96895,108.48206,GLDP07-GLMY01
Gia Lai#TTCMKV#Mang Yang-GLMY05,14.04351,108.2541,14.05378,108.29298,GLMY05-GLMY01
Gia Lai#TTCMKV#Mang Yang-GLDP02,14.04351,108.2541,13.97861,108.52669,GLDP02-GLMY01
Gia Lai#TTCMKV#Mang Yang-GLAK04,14.04351,108.2541,14.09185,108.66287,GLAK04-GLMY01
Gia Lai#TTCMKV#Mang Yang-GLMY12,14.04351,108.2541,13.98383,108.23298,GLMY12-GLMY01
Gia Lai#TTCMKV#TT2 Gia Lai-Gia Lai#TTCMKV#Chư Sê,13.97629,107.9924,13.69211,108.0804,GLPK65-GLCS33
Gia Lai#TTCMKV#TT2 Gia Lai-GLPK11,13.97629,107.9924,13.97127,108.00814,GLPK65-GLPK11
Gia Lai#TTCMKV#TT2 Gia Lai-GLCS15,13.97629,107.9924,13.84691,108.05511,GLPK65-GLCS15
Gia Lai#TTCMKV#TT2 Gia Lai-Gia Lai#CAX#Diên Hồng,13.97629,107.9924,13.96712,107.9919,GLPK65-GLPK27
Gia Lai#TTCMKV#TT2 Gia Lai-GLCR35,13.97629,107.9924,13.82101,107.94535,GLPK65-GLCR35
Gia Lai#TTCMKV#TT2 Gia Lai-GLPK18,13.97629,107.9924,13.96026,108.00501,GLPK65-GLPK18
Gia Lai#TTCMKV#TT2 Gia Lai-Gia Lai#Phòng#K02 (D1/E20),13.97629,107.9924,13.93993,108.0063,GLPK65-GLPK72
Kon Tum#TTCMKV#Đăk Hà-KTDT07,14.49126,107.9251,14.49433,107.92508,KTDH01 (KTDH_newsite1)-KTDT07
Kon Tum#TTCMKV#Đăk Hà-Kon Tum#CAX#Kon Đào,14.49126,107.9251,14.69842,107.8363,KTDH01 (KTDH_newsite1)-KTDT04
Kon Tum#TTCMKV#Đăk Hà-KTDH02,14.49126,107.9251,14.49433,107.92508,KTDH01 (KTDH_newsite1)-KTDH02
Kon Tum#TTCMKV#Đăk Hà-KTDH22,14.49126,107.9251,14.5199,107.91507,KTDH22-KTDH01
Kon Tum#TTCMKV#Đăk Hà-KTDH04,14.49126,107.9251,14.46181,107.91134,KTDH01-KTDH04
Kon Tum#TTCMKV#Đăk Hà-Kon Tum#Phòng ban#PC11,14.49126,107.9251,14.48789,107.9599,KTDH01-KTDH18
Kon Tum#CAX#Đăk Cấm-KTDH09,14.37054,108.0073,14.518508,107.946291,KTKT19-KTDH09
Kon Tum#CAX#Đăk Cấm-KTDH08,14.37054,108.0073,14.50654,108.00968,KTDH08-KTKT19
Kon Tum#TTCMKV#Ngọc Hồi-KTDH _newsite1,14.72453,107.6878,14.49433,107.92508,KTDH _newsite1-KTNH01
Kon Tum#TTCMKV#Ngọc Hồi-KTST _newsite1,14.72453,107.6878,14.40548,107.79854,KTNH01-KTST _newsite1
Kon Tum#TTCMKV#Ngọc Hồi-KTNH13,14.72453,107.6878,14.7059,107.69823,KTNH13-KTNH01
Kon Tum#TTCMKV#Ngọc Hồi-KTNH17,14.72453,107.6878,14.7320628,107.6928822,KTNH17-KTNH01
Kon Tum#TTCMKV#Ngọc Hồi-KTNH08,14.72453,107.6878,14.6871,107.7168,KTNH08-KTNH01
Kon Tum#TTCMKV#Ngọc Hồi-KTNH12,14.72453,107.6878,14.69709,107.66606,KTNH01-KTNH12
Kon Tum#TTCMKV#Sa Thầy-KTST14,14.39803,107.7961,14.40478,107.81391,KTST_newsite1-KTST14
Đăk Lăk#TTCMKV#Buôn Hồ-DLEH08,12.916187,108.26651,13.174432,108.218662,DLBH15-DLEH08
Đăk Lăk#TTCMKV#Buôn Hồ-DLKN14,12.916187,108.26651,12.950532,108.306427,DLBH15-DLKN14
Đăk Lăk#TTCMKV#Buôn Hồ-DLEH18,12.916187,108.26651,13.20129,108.21557,DLBH15-DLEH18
Đăk Lăk#TTCMKV#Buôn Hồ-DLKN02,12.916187,108.26651,12.8819829,108.3861617,DLBH15-DLKN02
Đăk Lăk#TTCMKV#Buôn Hồ-DLBH02,12.916187,108.26651,12.931363,108.264228,DLBH15-DLBH02
Đăk Lăk#TTCMKV#Buôn Hồ-DLBHMA01,12.916187,108.26651,12.788935,108.217171,DLBHMA01-DLBH15
Đăk Lăk#TTCMKV#Buôn Hồ-Đăk Lăk#CAX#Ea Tul,12.916187,108.26651,12.9107,108.1902,DLBH15-DLCG03
Đăk Lăk#TTCMKV#Buôn Hồ-DLBHMA01,12.916187,108.26651,12.788935,108.217171,DLBHMA01-DLBH15
Đăk Lăk#TTCMKV#Buôn Hồ-Đăk Lăk#CAX#Ea Tul,12.916187,108.26651,12.9107,108.1902,DLBH15-DLCG03
Đăk Lăk#TTCMKV#Buôn Hồ-Đăk Lăk#TTCMKV#KRông Năng,12.916187,108.26651,12.951746,108.34468,DLKN27-DLBH15
Đăk Lăk#TTCMKV#TT1 Đăk Lăk-DLBT82,12.6843,108.0528,12.67953,108.04331,DLBT82-DLBT09
Đăk Lăk#TTCMKV#TT1 Đăk Lăk-Đăk Lăk#Phòng#PC08,12.6843,108.0528,12.6994,108.0564,DLBT80-DLBT09
Đăk Lăk#TTCMKV#TT1 Đăk Lăk-DLBT30,12.6843,108.0528,12.65778,108.04707,DLBT09-DLBT30
Đăk Lăk#TTCMKV#TT1 Đăk Lăk-DLBT26,12.6843,108.0528,12.6321944,108.0273379,DLBT09-DLBT26
Đăk Lăk#TTCMKV#TT1 Đăk Lăk-DLBT07,12.6843,108.0528,12.690778,108.06661,DLBT07-DLBT09
Đăk Lăk#TTCMKV#TT1 Đăk Lăk-DLBT45,12.6843,108.0528,12.722173,108.091853,DLBT09-DLBT45
Đăk Lăk#TTCMKV#TT1 Đăk Lăk-DLBHMA01,12.6843,108.0528,12.788935,108.217171,DLBT09-DLBHMA01
Đăk Lăk#CAX#Ea Tul-DLEH27,12.9107,108.1902,13.147942,108.128962,DLCG03-DLEH27
Đăk Lăk#CAX#Ea Tul-DLCG32,12.9107,108.1902,12.9595,108.08953,DLCG32-DLCG03
Đăk Lăk#CAX#Ea Tul-DLCG08,12.9107,108.1902,12.89577,108.06609,DLCG03-DLCG08
Đăk Lăk#CAX#Ea Tul-DLBH31,12.9107,108.1902,12.86139,108.25827,DLBH31-DLCG03
Đăk Lăk#CAX#Ea Tul-Đăk Lăk#TTCMKV#Buôn Hồ,12.9107,108.1902,12.916187,108.26651,DLBH15-DLCG03
Đăk Lăk#CAX#Ea Tul-Đăk Lăk#TTCMKV#Buôn Hồ,12.9107,108.1902,12.916187,108.26651,DLBH15-DLCG03
Đăk Lăk#TTCMKV#KRông Năng-DLKN08,12.951746,108.34468,12.984655,108.434933,DLKN08-DLKN27
Đăk Lăk#TTCMKV#KRông Năng-DLKN03,12.951746,108.34468,13.04259,108.3324,DLKN03-DLKN27
Đăk Lăk#TTCMKV#KRông Năng-DLKN14,12.951746,108.34468,12.950532,108.306427,DLKN14-DLKN27
Đăk Lăk#TTCMKV#KRông Năng-Đăk Lăk#CAX#Dliê Ya,12.951746,108.34468,13.11643,108.3293,DLKN15-DLKN27
Đăk Lăk#TTCMKV#KRông Năng-Đăk Lăk#TTCMKV#Buôn Hồ,12.951746,108.34468,12.916187,108.26651,DLKN27-DLBH15
Đà Nẵng#TTCMKV#Cẩm Lệ-DNCL09,16.01692,108.2035,16.03661,108.20921,DNCL28-DNCL09
Đà Nẵng#Phòng#PA06-DNHC23,16.0661,108.2218,16.06194,108.22153,DNHC23-DNHC02
Đà Nẵng#Phòng#PA06-DNHC16,16.0661,108.2218,16.07118,108.22124,DNHC02-DNHC16
Đà Nẵng#Phòng#PK02-DNCL31,16.04673,108.1571,16.04747,108.17698,DNCL31-DNLC06
Đà Nẵng#Phòng#PK02-DNLC21,16.04673,108.1571,16.05435,108.15813,DNLC06-DNLC21
Đà Nẵng#Phòng#Trạm CSGT Hòa Hiệp-DNHW23,16.14062,108.1196,16.11111,108.08781,DNHW23-DNLC11
Đà Nẵng#Phòng#Trạm CSGT Hòa Hiệp-Đà Nẵng#CAX#Hải Vân,16.14062,108.1196,16.10747,108.1261,DNLC11-DNLC22
Đà Nẵng#CAX#Liên Chiểu-DNLC36,16.07665,108.1457,16.07482,108.13389,DNLC36-DNLC1P
Đà Nẵng#CAX#Liên Chiểu-Đà Nẵng#TTCMKV#Liên Chiểu,16.07665,108.1457,16.07427,108.1583,DNLC1P-DNLC15
Đà Nẵng#CAX#Hải Vân-Đà Nẵng#Phòng#Trạm CSGT Hòa Hiệp,16.10747,108.1261,16.14062,108.1196,DNLC11-DNLC22
Đà Nẵng#CAX#Hải Vân-DNLC13,16.10747,108.1261,16.10014,108.13362,DNLC22-DNLC13
Đà Nẵng#CAX#Thanh Khê-DNTK13,16.07077,108.1924,16.071265,108.200369,DNTK13-DNTK10
Đà Nẵng#CAX#Thanh Khê-DNTK14,16.07077,108.1924,16.06531,108.20105,DNTK10-DNTK14
Quảng Trị#CAX#Hiếu Giang-QTDH10,16.80435,107.0406,16.81659,107.07734,QTDH10-QTCL13
Quảng Trị#CAX#Hiếu Giang-Quảng Trị#TTCMKV#Cam Lộ,16.80435,107.0406,16.80733,106.9927,QTCL13-QTCL34
Quảng Trị#Phòng#TP Đông Hà-QTDH08,16.81566,107.1054,16.80622,107.10414,QTDH17-QTDH08
Quảng Trị#Phòng#Trung tâm sát hạch lái xe-Quảng Trị#TTCMKV#TT2 Quảng Trị,16.79029,107.091,16.79036,107.1043,QTDH50-QTDH14
Quảng Trị#CAX#Cửa Việt-VNPOST Lương An,16.90575,107.1769,16.81594,107.11055,VNPOST Lương An-QTGL03
Quảng Trị#CAX#Cửa Việt-QTGL15,16.90575,107.1769,16.96674,107.13804,QTGL03-QTGL15
Quảng Trị#CAX#Bến Hải-QTGL15,16.98909,107.1067,16.96674,107.13804,QTGL15-QTGL12
Quảng Trị#CAX#Bến Hải-QTGL44,16.98909,107.1067,16.9664,107.06918,QTGL12-QTGL44
"Quảng Trị#Phòng#Phòng PC07, Đội PCCC khu vực Hải lăng-Quảng Trị#TTCMKV#Hải Lăng",16.71074,107.2445,16.69184,107.2455,QTHL25-QTHL03
"Quảng Trị#Phòng#Phòng PC07, Đội PCCC khu vực Hải lăng-QTHL17",16.71074,107.2445,16.7426,107.2784,QTHL03-QTHL17
Quảng Trị#CAX#Hải Lăng-QTHL28,16.7306,107.2084,16.69882,107.26566,QTHL28-QTHL05
Quảng Trị#CAX#Hải Lăng-Quảng Trị#TTCMKV#TX Quảng Trị,16.7306,107.2084,16.73942,107.1883,QTHL05-QTQT09
Quảng Trị#CAX#Mỹ Thủy-QTHL22,16.72653,107.335,16.77698,107.32986,QTHL22-QTHL10
Quảng Trị#CAX#Mỹ Thủy-Quảng Trị#TTCMKV#Hải Lăng,16.72653,107.335,16.69184,107.2455,QTHL10-QTHL25
Quảng Trị#CAX#Vĩnh Định-Quảng Trị#CAX#Triệu Cơ,16.7645,107.224,16.76343,107.2432,QTTP05-QTHL19
Quảng Trị#CAX#Vĩnh Định-Quảng Trị#TTCMKV#TX Quảng Trị,16.7645,107.224,16.73942,107.1883,QTHL19-QTQT09
"Quảng Trị#Phòng#Phòng PC07, Đội PCCC khu vực 5-QTTP48",16.75634,107.1986,16.79406,107.2448,QTTP48-QTQT06
"Quảng Trị#Phòng#Phòng PC07, Đội PCCC khu vực 5-Quảng Trị#TTCMKV#TX Quảng Trị",16.75634,107.1986,16.73942,107.1883,QTQT06-QTQT09
Quảng Trị#CAX#Triệu Cơ-QTHL17,16.76343,107.2432,16.7426,107.2784,QTHL17-QTTP05
Quảng Trị#CAX#Triệu Cơ-Quảng Trị#CAX#Vĩnh Định,16.76343,107.2432,16.7645,107.224,QTTP05-QTHL19
Quảng Trị#CAX#Ái Tử-QTTP47,16.791,107.1727,16.81954,107.17156,QTTP47-QTTP10
Quảng Trị#CAX#Ái Tử-QTQT05,16.791,107.1727,16.74284,107.1853,QTTP10-QTQT05
Huế#CAX#Kim Trà-HUHU48,16.4913,107.5208,16.491722,107.53477,HUHU48-HUHA35
Huế#CAX#Kim Trà-HUHA08,16.4913,107.5208,16.50409,107.51433,HUHA35-HUHA08
Huế#CAX#Thanh Thủy (CS2)-HUHU08,16.4432,107.6205,16.44969,107.60714,HUHT12-HUHU08
Huế#CAX#Thanh Thủy (CS2)-Huế#CAX#Thanh Thủy (CS1),16.4432,107.6205,16.4431,107.6164,HUHT32-HUHT12
Huế#CAX#Hương Thủy-HUHTMA01,16.4232,107.6651,16.41168,107.67333,HUHTMA01-HUHT15
Huế#CAX#Hương Thủy-Huế#CAX#Thanh Thủy (CS1),16.4232,107.6651,16.4431,107.6164,HUHT15-HUHT32
Huế#Phòng#Trung tâm SHLX PC08-HUHTMA01,16.40444,107.6318,16.41168,107.67333,HUHTMA01-HUHT27
Huế#Phòng#Trung tâm SHLX PC08-HUHA33,16.40444,107.6318,16.37601,107.56237,HUHT27-HUHA33
Huế#CAX#Phú Hồ-HUPV09,16.45432,107.6804,16.48118,107.68446,HUPV09-HUPV27
Huế#CAX#Phú Hồ-HUHT19,16.45432,107.6804,16.44568,107.64968,HUPV27-HUHT19
Quảng Nam#CAX#Điện Bàn Đông-QADB11,15.949,108.2549,15.92736,108.26009,QADB11-QADB02
Quảng Nam#CAX#Điện Bàn Đông-QADB16,15.949,108.2549,15.93443,108.23181,QADB02-QADB16
Quảng Nam#CAX#Hội An Đông-QAHA02,15.88636,108.3625,15.90245084,108.3546292,QAHA02-QAHA18
Quảng Nam#CAX#Hội An Đông-QAHA04,15.88636,108.3625,15.8812723,108.3430994,QAHA18-QAHA04
Quảng Nam#CAX#Phú Ninh-QATK41,15.52352,108.4193,15.54792,108.4943,QAPN04-QATK41
Quảng Nam#CAX#Phú Ninh-QAPN22,15.52352,108.4193,15.56253,108.42493,QAPN22-QAPN04
Quảng Nam#CAX#Quế Sơn Trung-QATB42,15.73686,108.2884,15.62891,108.22826,QATB42-QAQS10
Quảng Nam#CAX#Quế Sơn Trung-Quảng Nam#TTCMKV#Thăng Bình,15.73686,108.2884,15.73582,108.3517,QAQS10-QATB_newsite 2
"Quảng Nam#Phòng#Trạm CSGT Thăng Bình (X. Bình Phục, Thăng Bình)-QATB_ newsite 2",15.72009,108.3759,15.745207,108.359478,QATB_ newsite 2-QATB14
"Quảng Nam#Phòng#Trạm CSGT Thăng Bình (X. Bình Phục, Thăng Bình)-Quảng Nam#CAX#Thăng Điền",15.72009,108.3759,15.64444,108.4255,QATB14-QATB31
Quảng Nam#CAX#Thăng Phú-QATB06,15.6326,108.3741,15.66507,108.35354,QATB06-QATB34
Quảng Nam#CAX#Thăng Phú-Quảng Nam#TTCMKV#TT2 Tam Kỳ,15.6326,108.3741,15.57447,108.4746,QATB34-QATK71
Quảng Nam#CAX#Hương Trà-QATK39,15.54533,108.4841,15.565,108.4933,QATK03-QATK39
Quảng Nam#CAX#Hương Trà-Quảng Nam#Phòng#PC07,15.54533,108.4841,15.57504,108.4772,QATK18-QATK03
Quảng Nam#Phòng#PK02-QAPN22,15.58243,108.4643,15.56253,108.42493,QATK15-QAPN22
Quảng Nam#Phòng#PK02-Quảng Nam#TTCMKV#TT2 Tam Kỳ,15.58243,108.4643,15.57447,108.4746,QATK71-QATK15
Quảng Nam#Phòng#PC07-Quảng Nam#CAX#Hương Trà,15.57504,108.4772,15.54533,108.4841,QATK18-QATK03
Quảng Nam#Phòng#PC07-Quảng Nam#TTCMKV#TT2 Tam Kỳ,15.57504,108.4772,15.57447,108.4746,QATK71-QATK18
Quảng Nam#Phòng#PC11-QAPN21,15.55858,108.45,15.546,108.4109,QATK22-QAPN21
Quảng Nam#Phòng#PC11-Quảng Nam#TTCMKV#TT2 Tam Kỳ,15.55858,108.45,15.57447,108.4746,QATK71-QATK22
Quảng Nam#Phòng#PA06-QAPN09,15.58103,108.4692,15.58944,108.44667,QATK37-QAPN09
Quảng Nam#Phòng#PA06-Quảng Nam#TTCMKV#TT2 Tam Kỳ,15.58103,108.4692,15.57447,108.4746,QATK71-QATK37
Bình Định#CAX#An Nhơn Bắc-BDAN_ newsite6,13.9479,109.0654,13.91304,109.09734,BDAN_ newsite6-BDAN26
Bình Định#CAX#An Nhơn Bắc-BDPC21,13.9479,109.0654,14.0209,108.98806,BDAN26-BDPC21
Bình Định#CAX#Hòa Hội-BDPC13,14.069138,109.045012,14.04194,109.01485,BDPC13-BDPC01
Bình Định#CAX#Hòa Hội-Bình Định#CAX#Phù Cát,14.069138,109.045012,13.9825,109.0617,BDPC01-BDPC03
Bình Định#CAX#Ngô Mây-Bình Định#CAX#Xuân An,13.9505,109.18,13.97289,109.1052,BDPC33-BDPC14
Bình Định#CAX#Ngô Mây-BDPC06,13.9505,109.18,14.0124,109.241,BDPC14-BDPC06
Bình Định#CAX#Xuân An-BDPC08,13.97289,109.1052,13.9814,109.0939,BDPC08-BDPC33
Bình Định#CAX#Xuân An-Bình Định#CAX#Ngô Mây,13.97289,109.1052,13.9505,109.18,BDPC33-BDPC14
Bình Định#Phòng#Khối CQ CSĐT-Bình Định#CAX#Quy Nhơn Nam,13.75707,109.2124,13.75546,109.207434,BDQN31-BDQN23
Bình Định#Phòng#Khối CQ CSĐT-Bình Định#Phòng#PC07,13.75707,109.2124,13.76858,109.2239,BDQN23-BDQN90
Bình Định#Phòng#PK02-BDQN33,13.77064,109.2256,13.762723,109.209894,BDQN33-BDQN35
Bình Định#Phòng#PK02-Bình Định#Phòng#PC06,13.77064,109.2256,13.772,109.227,BDQN35-BDQN62
Bình Định#Phòng#PC08-Bình Định#CAX#Quy Nhơn Nam,13.7951,109.1577,13.75546,109.207434,BDQN31-BDQN58
Bình Định#Phòng#PC08-Bình Định#CAX#Quy Nhơn Tây,13.7951,109.1577,13.746728,109.152121,BDQN58-BDQN63
Bình Định#Phòng#PC06-Bình Định#Phòng#PK02,13.772,109.227,13.77064,109.2256,BDQN35-BDQN62
Bình Định#Phòng#PC06-Bình Định#TTCMKV#TT1 Gia Lai,13.772,109.227,13.76939,109.2255,BDQN62-BDQNMA01
Bình Định#CAX#Quy Nhơn Tây-Bình Định#Phòng#PC08,13.746728,109.152121,13.7951,109.1577,BDQN58-BDQN63
Bình Định#CAX#Quy Nhơn Tây-BDQN56,13.746728,109.152121,13.77969,109.1494,BDQN63-BDQN56
Bình Định#Phòng#PC07-Bình Định#Phòng#Khối CQ CSĐT,13.76858,109.2239,13.75707,109.2124,BDQN23-BDQN90
Bình Định#Phòng#PC07-BDQN91,13.76858,109.2239,13.77927,109.23581,BDQN90-BDQN91
Bình Định#CAX#Tuy Phước Bắc-BDAN27,13.889192,109.145929,13.86948,109.12784,BDTP39-BDAN27
Quảng Ngãi#CAX#Vạn Tường-Quảng Ngãi#TTCMKV#Bình Sơn,15.33626,108.8415,15.29712,108.7621,QNBS23-QNBS03
Quảng Ngãi#CAX#Vạn Tường-Quảng Ngãi#Phòng ban#K02 (D3/E23),15.33626,108.8415,15.33689,108.8419,QNBS03-QNBS50
"Quảng Ngãi#Phòng ban#Đội csgt đường thủy, PC08-QNBS10",15.22061,108.9128,15.258455,108.874644,QNBS10-QNBS05
"Quảng Ngãi#Phòng ban#Đội csgt đường thủy, PC08-QNQN78",15.22061,108.9128,15.187291,108.885475,QNBS05-QNQN78
Quảng Ngãi#CAX#Đông Sơn-QNST02,15.22855,108.8465,15.20067,108.79055,QNST02-QNBS21
Quảng Ngãi#CAX#Đông Sơn-QNQN85,15.22855,108.8465,15.214391,108.884787,QNBS21-QNQN85
Quảng Ngãi#CAX#Bình Chương-QNBS09,15.27299,108.7215,15.262502,108.676315,QNBS09-QNBS28
Quảng Ngãi#CAX#Bình Chương-Quảng Ngãi#TTCMKV#Bình Sơn,15.27299,108.7215,15.29712,108.7621,QNBS28-QNBS23
Quảng Ngãi#Phòng ban#K02 (D3/E23)-Quảng Ngãi#CAX#Vạn Tường,15.33689,108.8419,15.33626,108.8415,QNBS03-QNBS50
Quảng Ngãi#Phòng ban#K02 (D3/E23)-QNBS38,15.33689,108.8419,15.308464,108.849152,QNBS50-QNBS38
Quảng Ngãi#CAX#Mỏ Cày-Quảng Ngãi#CAX#Lân Phong,14.98548,108.9127,14.92761,108.9179,QNMD24-QNMD11
Quảng Ngãi#CAX#Mỏ Cày-QNMD06,14.98548,108.9127,15.02182,108.90242,QNMD11-QNMD06
Quảng Ngãi#CAX#Lân Phong-Quảng Ngãi#CAX#Mộ Đức,14.92761,108.9179,14.94789,108.8879,QNMD25-QNMD24
Quảng Ngãi#CAX#Lân Phong-Quảng Ngãi#CAX#Mỏ Cày,14.92761,108.9179,14.98548,108.9127,QNMD24-QNMD11
Quảng Ngãi#CAX#Long Phụng-QNMD06,15.04167,108.8642,15.02182,108.90242,QNMD06-QNMD27
Quảng Ngãi#CAX#Long Phụng-QNTN05,15.04167,108.8642,15.05898,108.84332,QNMD27-QNTN05
Quảng Ngãi#CAX#Phước Giang-Quảng Ngãi#CAX#Nghĩa Hành,15.04567,108.7422,15.04397,108.7766,QNNH21-QNNH05
Quảng Ngãi#CAX#Phước Giang-Quảng Ngãi#CAX#Sơn Mai,15.04567,108.7422,15.00387,108.7181,QNNH05-QNNH15
Quảng Ngãi#CAX#Thiện Tín-QNNH07,14.95658,108.7751,15.00982,108.78337,QNNH07-QNNH06
Quảng Ngãi#CAX#Thiện Tín-QNMD28,14.95658,108.7751,14.956813,108.847593,QNNH06-QNMD28
Quảng Ngãi#CAX#Sơn Mai-Quảng Ngãi#CAX#Phước Giang,15.00387,108.7181,15.04567,108.7422,QNNH05-QNNH15
Quảng Ngãi#CAX#Sơn Mai-QNNH07,15.00387,108.7181,15.00982,108.78337,QNNH15-QNNH07
Quảng Ngãi#CAX#Đình Cương-QNNH16,15.01525,108.8216,15.04128,108.79722,QNNH16-QNNH17
Quảng Ngãi#CAX#Đình Cương-QNNH08,15.01525,108.8216,15.03804,108.82046,QNNH17-QNNH08
Quảng Ngãi#Phòng ban#PC07-Quảng Ngãi#CAX#Nghĩa Lộ,15.12796,108.7873,15.12072,108.787,QNQN12-QNQN08
Quảng Ngãi#Phòng ban#PC07-Quảng Ngãi#Phòng ban#khối phòng CAT KV P.NL,15.12796,108.7873,15.12811,108.7955,QNQN08-QNQN31
Quảng Ngãi#CAX#Nghĩa Lộ-QNQN15,15.12072,108.787,15.12444,108.77788,QNQN15-QNQN12
Quảng Ngãi#CAX#Nghĩa Lộ-Quảng Ngãi#Phòng ban#PC07,15.12072,108.787,15.12796,108.7873,QNQN12-QNQN08
Quảng Ngãi#CAX#An Phú-QNTN04,15.12683,108.8844,15.09575,108.87724,QNTN04-QNQN2D
Quảng Ngãi#CAX#An Phú-QNQN26,15.12683,108.8844,15.11033,108.84444,QNQN2D-QNQN26
Quảng Ngãi#Phòng ban#khối phòng CAT KV P.NL-Quảng Ngãi#Phòng ban#PC07,15.12811,108.7955,15.12796,108.7873,QNQN08-QNQN31
Quảng Ngãi#Phòng ban#khối phòng CAT KV P.NL-Quảng Ngãi#TTCMKV#TT1 Quảng Ngãi,15.12811,108.7955,15.121,108.7921,QNQN31-QNQN2J
Quảng Ngãi#CAX#Tịnh Khê-QNQN90,15.18297,108.8526,15.20055,108.83577,QNQN90-QNQN81
Quảng Ngãi#CAX#Tịnh Khê-QNQN78,15.18297,108.8526,15.187291,108.885475,QNQN81-QNQN78
Quảng Ngãi#Phòng ban#PC10-QNST36,15.14859,108.7971,15.13794,108.7793,QNST36-QNQN82
Quảng Ngãi#Phòng ban#PC10-QNST10,15.14859,108.7971,15.1764373,108.7914256,QNQN82-QNST10
Quảng Ngãi#CAX#Trương Quang Trọng-QNQN80,15.15547,108.7969,15.15256,108.78601,QNQN80-QNQN94
Quảng Ngãi#CAX#Trương Quang Trọng-QNST02,15.15547,108.7969,15.20067,108.79055,QNQN94-QNST02
Quảng Ngãi#CAX#Sơn Tịnh-QNQN02,15.15489,108.7366,15.121807,108.768932,QNQN02-QNST07
Quảng Ngãi#CAX#Sơn Tịnh-QNST25,15.15489,108.7366,15.19974,108.76285,QNST07-QNST25
Quảng Ngãi#CAX#Thọ Phong-QNST02,15.2163,108.7615,15.20067,108.79055,QNST02-QNST08
Quảng Ngãi#CAX#Thọ Phong-QNST46,15.2163,108.7615,15.24031,108.74738,QNST08-QNST46
Quảng Ngãi#CAX#Thọ Phong-QNST46,15.2163,108.7615,15.24031,108.74738,QNST46-QNST08
Quảng Ngãi#CAX#Trà Giang-QNQN02,15.1323,108.7129,15.121807,108.768932,QNQN02-QNTN06
Quảng Ngãi#CAX#Trà Giang-QNTN09,15.1323,108.7129,15.137501,108.691212,QNTN06-QNTN09
"Quảng Ngãi#Phòng ban#Cơ sở cai nghiện (X. Nghĩa Kỳ, H. Tư Nghĩa)-QNQN02",15.11671,108.7474,15.121807,108.768932,QNQN02-QNTN26
"Quảng Ngãi#Phòng ban#Cơ sở cai nghiện (X. Nghĩa Kỳ, H. Tư Nghĩa)-Quảng Ngãi#Phòng ban#PC11 (X. Nghĩa Kỳ, H. Tư Nghĩa)",15.11671,108.7474,15.11711,108.7462,QNTN26-QNTN66
Quảng Ngãi#CAX#Tư Nghĩa-QNQN2B,15.09092,108.8218,15.11337,108.8636,QNQN2B-QNTN39
Quảng Ngãi#CAX#Tư Nghĩa-Quảng Ngãi#Phòng ban#TTCMKV Tư Nghĩa,15.09092,108.8218,15.08352,108.8265,QNTN39-QNTN_newsite1
"Quảng Ngãi#Phòng ban#PC11 (X. Nghĩa Kỳ, H. Tư Nghĩa)-Quảng Ngãi#Phòng ban#Cơ sở cai nghiện (X. Nghĩa Kỳ, H. Tư Nghĩa)",15.11711,108.7462,15.11671,108.7474,QNTN26-QNTN66
"Quảng Ngãi#Phòng ban#PC11 (X. Nghĩa Kỳ, H. Tư Nghĩa)-QNTN10",15.11711,108.7462,15.094146,108.75043,QNTN66-QNTN10
Khánh Hòa#CAX#Cam Hiệp-KHCL47,12.03192,109.1282,12.06328,109.1601,KHCL02-KHCL47
Khánh Hòa#CAX#Cam Hiệp-Khánh Hòa#CAX#Cam An,12.03192,109.1282,11.96294,109.095,KHCR27-KHCL02
Khánh Hòa#Phòng#Cảng HKQT Cam Ranh-Khánh Hòa#CAX#Bắc Cam Ranh,11.99821,109.2188,11.9756,109.1961,KHCR10-KHCR02
Khánh Hòa#Phòng#Cảng HKQT Cam Ranh-Khánh Hòa#TTCMKV#Cam Lâm,11.99821,109.2188,12.07444,109.1681,KHCLMA01-KHCR10
Khánh Hòa#CAX#Cam Linh-KHCR04,11.90677,109.1464,11.83796801,109.111695,KHCR18-KHCR04
Khánh Hòa#CAX#Cam Linh-Khánh Hòa#TTCMKV#Cam Ranh,11.90677,109.1464,11.92552,109.1637,KHCR52-KHCR18
Khánh Hòa#CAX#Cam An-Khánh Hòa#CAX#Cam Hiệp,11.96294,109.095,12.03192,109.1282,KHCR27-KHCL02
Khánh Hòa#CAX#Cam An-KHCR14,11.96294,109.095,11.90960356,109.1272345,KHCR14-KHCR27
Khánh Hòa#Phòng#Cam Phước Đông-KHCR19,11.94161,109.1131,11.99443734,109.1526529,KHCR47-KHCR19
Khánh Hòa#Phòng#Cam Phước Đông-KHCR49,11.94161,109.1131,11.91870901,109.145014,KHCR49-KHCR47
Khánh Hòa#CAX#Diên Điền-Khánh Hòa#TTCMKV#Diên Khánh,12.27603,109.1203,12.2563,109.0941,KHDKMA01-KHDK08
Khánh Hòa#CAX#Diên Điền-KHNT07,12.27603,109.1203,12.30220011,109.1703001,KHDK08-KHNT07
Khánh Hòa#Phòng#Nhà tạm giam Diên Khánh-Khánh Hòa#TTCMKV#Diên Khánh,12.24635,109.0729,12.2563,109.0941,KHDKMA01-KHDK13
Khánh Hòa#Phòng#Nhà tạm giam Diên Khánh-Khánh Hòa#CAX#Suối Hiệp,12.24635,109.0729,12.22102,109.0838,KHDK13-KHDK06
Khánh Hòa#Phòng#PC08 csc-KHNT1E,12.24904,109.1841,12.25410001,109.1721001,KHNT1E-KHNT05
Khánh Hòa#CAX#Tây Nha Trang-Khánh Hòa#Phòng#Nhà nghỉ dưỡng 378 BCA,12.25114,109.1864,12.25676,109.1976,KHNT1N-KHNT17
Khánh Hòa#CAX#Tây Nha Trang-Khánh Hòa#TTCMKV#CAT Khánh Hòa,12.25114,109.1864,12.23211,109.1958,KHNT17-KHNT24
Khánh Hòa#Phòng#Nhà nghỉ dưỡng 378 BCA-Khánh Hòa#CAX#Bắc Nha Trang,12.25676,109.1976,12.28234,109.1981,KHNT88-KHNT1N
Khánh Hòa#Phòng#Nhà nghỉ dưỡng 378 BCA-Khánh Hòa#CAX#Tây Nha Trang,12.25676,109.1976,12.25114,109.1864,KHNT1N-KHNT17
Khánh Hòa#Phòng#PA08-Khánh Hòa#Phòng#PC06,12.24755,109.19,12.24753,109.1896,KHNT25-KHNT84
Khánh Hòa#Phòng#PA06 cs2-KHNT26,12.23647,109.1846,12.22520174,109.1833831,KHNT26-KHNT55
Khánh Hòa#Phòng#PC08 (xử lý vi phạm)-Khánh Hòa#Phòng#PC06,12.24807,109.1858,12.24753,109.1896,KHNT84-KHNT60
Khánh Hòa#Phòng#PC08 (xử lý vi phạm)-Khánh Hòa#TTCMKV#CAT Khánh Hòa,12.24807,109.1858,12.23211,109.1958,KHNT60-KHNT24
Khánh Hòa#Phòng#NTG Nha Trang cũ-Khánh Hòa#Phòng#PK02 cs1,12.27693,109.1884,12.27875,109.1889,KHNT94-KHNT79
Khánh Hòa#Phòng#NTG Nha Trang cũ-KHNT28,12.27693,109.1884,12.26617101,109.19621,KHNT79-KHNT28
Khánh Hòa#Phòng#CATP Nha trang cũ-KHNT1R,12.24647,109.1894,12.23172001,109.1959501,KHNT1R-KHNT83
Khánh Hòa#Phòng#CATP Nha trang cũ-Khánh Hòa#TTCMKV#CAT Khánh Hòa,12.24647,109.1894,12.23211,109.1958,KHNT83-KHNT24
Khánh Hòa#Phòng#PC06-Khánh Hòa#Phòng#PA08,12.24753,109.1896,12.24755,109.19,KHNT25-KHNT84
Khánh Hòa#Phòng#PC06-Khánh Hòa#Phòng#PC08 (xử lý vi phạm),12.24753,109.1896,12.24807,109.1858,KHNT84-KHNT60
Khánh Hòa#CAX#Bắc Nha Trang-KHNT07,12.28234,109.1981,12.30220011,109.1703001,KHNT07-KHNT88
Khánh Hòa#CAX#Bắc Nha Trang-Khánh Hòa#Phòng#Nhà nghỉ dưỡng 378 BCA,12.28234,109.1981,12.25676,109.1976,KHNT88-KHNT1N
Khánh Hòa#Phòng#PC07-KHNT56,12.2391,109.1866,12.2193301,109.1953001,KHNT56-KHNT90
Khánh Hòa#Phòng#PK02 cs1-KHNT62,12.27875,109.1889,12.26788503,109.1721217,KHNT62-KHNT94
Khánh Hòa#Phòng#PK02 cs1-Khánh Hòa#Phòng#NTG Nha Trang cũ,12.27875,109.1889,12.27693,109.1884,KHNT94-KHNT79
Phú Yên#CAX#Hòa Xuân-PYDH19,12.908726,109.36974,12.97522,109.32653,PYDH19-PYDH11
Phú Yên#CAX#Hòa Xuân-PYDH17,12.908726,109.36974,12.95934,109.40238,PYDH11-PYDH17
Phú Yên#Phòng#TTCMKV Đông Hòa-PYDH09,12.990696,109.33169,13.034347,109.297636,PYDH09-PYDH20
Phú Yên#Phòng#TTCMKV Đông Hòa-PYDH12,12.990696,109.33169,12.94611,109.33923,PYDH20-PYDH12
Phú Yên#CAX#Hòa Hiệp (CS2)-PYDH30,12.99784,109.3701,12.99888,109.36395,PYDH30-PYDH24
Phú Yên#CAX#Hòa Hiệp (CS2)-PYPY09,12.99784,109.3701,13.06397,109.32752,PYDH24-PYPY09
Phú Yên#CAX#Xuân Phước-PYDX23,13.298438,109.066,13.32346431,109.0784358,PYDX23-PYDX03
Phú Yên#CAX#Xuân Phước-PYSA09,13.298438,109.066,13.2048,109.0634,PYDX03-PYSA09
Phú Yên#CAX#Phú Hòa 2-PYPH18,13.082015,109.216297,13.079425,109.259634,PYPH03-PYPH18
Phú Yên#CAX#Phú Hòa 2-Phú Yên#TTCMKV#Phú Hòa,13.082015,109.216297,13.0231,109.207,PYPH04-PYPH03
Phú Yên#Phòng#PC08-PYPH07,13.071469,109.275869,13.03807,109.257045,PYPH07-PYPH17
Phú Yên#Phòng#PC08-Phú Yên#TTCMKV#TT2 Tuy Hòa,13.071469,109.275869,13.09474,109.293,PYPH17-PYPY01
Phú Yên#CAX#Phú Yên-PYDH09,13.0529675,109.3105219,13.034347,109.297636,PYDH09-PYPY33
Phú Yên#CAX#Phú Yên-PYDH05,13.0529675,109.3105219,13.01722,109.33051,PYPY33-PYDH05
Phú Yên#CAX#Vân Hòa-PYSA14,13.0497487,108.9789,13.085069,108.954368,PYSA14-PYSA16
Phú Yên#CAX#Vân Hòa-PYSA10,13.0497487,108.9789,13.06365,109.02528,PYSA16-PYSA10
Phú Yên#CAX#Tuy An Đông-PYTA33,13.340476,109.254179,13.35202,109.24627,PYTA33-PYTA05
Phú Yên#CAX#Tuy An Đông-Phú Yên#CAX#Tuy An Bắc,13.340476,109.254179,13.308276,109.215649,PYTA05-PYTA14
Phú Yên#CAX#Tuy An Nam-PYPY38,13.181704,109.28728,13.163281,109.29197,PYPY38-PYTA12
Phú Yên#CAX#Tuy An Nam-PYTA19,13.181704,109.28728,13.202164,109.275974,PYTA12-PYTA19
Phú Yên#CAX#Ô Loan-VNPOST Hòa Đa,13.240071,109.257643,13.20203,109.27016,VNPOST Hòa Đa-PYTA32
Phú Yên#CAX#Ô Loan-PYTA07,13.240071,109.257643,13.262696,109.252363,PYTA32-PYTA07
Phú Yên#CAX#Đức Bình-PYDH10,12.932763,109.239138,12.98791,109.27635,PYDH10-PYTH03
Phú Yên#CAX#Đức Bình-Phú Yên#CAX#Hòa Mỹ,12.932763,109.239138,12.96442,109.18387,PYTH03-PYTH06
Phú Yên#CAX#Hòa Mỹ-Phú Yên#CAX#Đức Bình,12.96442,109.18387,12.932763,109.239138,PYTH03-PYTH06
Phú Yên#CAX#Hòa Mỹ-Phú Yên#CAX#Sơn Thành,12.96442,109.18387,12.984385,109.095316,PYTH06-PYTH01
Phú Yên#CAX#Sơn Thành-PYDH09,12.984385,109.095316,13.034347,109.297636,PYDH09-PYTH01
Phú Yên#CAX#Sơn Thành-Phú Yên#TTCMKV#TT2 Tuy Hòa,12.984385,109.095316,13.09474,109.293,PYTH01-PYPY01
Phú Yên#CAX#Sơn Thành-PYTH17,12.984385,109.095316,12.99271,109.13042,PYTH17-PYTH01
Phú Yên#CAX#Sơn Thành-Phú Yên#CAX#Hòa Mỹ,12.984385,109.095316,12.96442,109.18387,PYTH06-PYTH01
Phú Yên#CAX#Sơn Thành-PYTH12,12.984385,109.095316,12.93258,109.15484,PYTH12-PYTH01
Phú Yên#CAX#Sơn Thành-PYTH10,12.984385,109.095316,12.9638,109.0539,PYTH01-PYTH10
Phú Yên#CAX#Sơn Thành-PYTH10,12.984385,109.095316,12.9638,109.0539,PYTH10-PYTH01
Gia Lai#CAX#Cửu An-GLAK02,13.979393,108.708116,13.97381,108.67932,GLAK02-GLAK09
Gia Lai#CAX#Cửu An-GLAK10,13.979393,108.708116,14.00313,108.68961,GLAK09-GLAK10
Gia Lai#CAX#Ia Lâu-GLCS28,13.48368,107.8729,13.65337,108.09899,GLCS28-GLCR19
Gia Lai#CAX#Ia Lâu-GLCR28,13.48368,107.8729,13.58029,107.86524,GLCR19-GLCR28
Gia Lai#CAX#AlBá-GLCS06,13.73727,108.1185,13.806316,108.1073,GLCS06-GLCS05
Gia Lai#CAX#AlBá-GLCS17,13.73727,108.1185,13.579162,108.228008,GLCS05-GLCS17
Gia Lai#CAX#Ia Krêl-GLCR02,13.83573,107.7917,13.82348,107.89296,GLCR02-GLDC02
Gia Lai#CAX#Ia Krêl-GLDC03,13.83573,107.7917,13.79748,107.64458,GLDC02-GLDC03
Gia Lai#CAX#KDang-Gia Lai#CAX#Đăk Đoa,13.99935,108.1742,13.99525,108.1132,GLDD01-GLDD03
Gia Lai#CAX#KDang-GLDD02,13.99935,108.1742,14.00637,108.20633,GLDD03-GLDD02
Gia Lai#CAX#Kon Gang-GLDD06,14.05945,108.0952,14.10531,108.11626,GLDD06-GLDD05
Gia Lai#CAX#Kon Gang-GLPK05,14.05945,108.0952,14.02933,107.98911,GLDD05-GLPK05
Gia Lai#CAX#Đăk Sơ Mei-GLCP12,14.16823,108.1403,14.22729,107.98948,GLCP12-GLDD07
Gia Lai#CAX#Đăk Sơ Mei-GLDD06,14.16823,108.1403,14.10531,108.11626,GLDD07-GLDD06
Gia Lai#CAX#Ia Băng-GLPK79,13.89347,108.0485,13.89914,108.0179,GLPK79-GLDD14
Gia Lai#CAX#Ia Băng-GLDD21,13.89347,108.0485,13.878516,108.127397,GLDD14-GLDD21
Gia Lai#CAX#An Bình-GLDP11,13.959361,108.61423,13.93478,108.60108,GLDP11-GLDP09
Gia Lai#CAX#An Bình-GLAK03,13.959361,108.61423,13.99493,108.65478,GLDP09-GLAK03
Gia Lai#CAX#Diên Hồng-Gia Lai#TTCMKV#TT2 Gia Lai,13.96712,107.9919,13.97629,107.9924,GLPK65-GLPK27
Gia Lai#CAX#Diên Hồng-GLIG06,13.96712,107.9919,13.9725741,107.9565511,GLPK27-GLIG06
Gia Lai#Phòng#K02 (D1/E20)-Gia Lai#TTCMKV#TT2 Gia Lai,13.93993,108.0063,13.97629,107.9924,GLPK65-GLPK72
Gia Lai#Phòng#K02 (D1/E20)-GLPK79,13.93993,108.0063,13.89914,108.0179,GLPK72-GLPK79
Kon Tum#CAX#Đăk Mar-Kon Tum#CAX#Đăk Ui,14.54562,107.92,14.53098,107.9402,KTDH15-KTDH06
Kon Tum#CAX#Đăk Mar-KTDH22,14.54562,107.92,14.5199,107.91507,KTDH06-KTDH22
Kon Tum#CAX#Đăk Ui-KTDH09,14.53098,107.9402,14.518508,107.946291,KTDH09-KTDH15
Kon Tum#CAX#Đăk Ui-Kon Tum#CAX#Đăk Mar,14.53098,107.9402,14.54562,107.92,KTDH15-KTDH06
Kon Tum#Phòng ban#PC11-Kon Tum#TTCMKV#Đăk Hà,14.48789,107.9599,14.49126,107.9251,KTDH01-KTDH18
Kon Tum#Phòng ban#PC11-KTDH08,14.48789,107.9599,14.50654,108.00968,KTDH18-KTDH08
Kon Tum#CAX#Kon Đào-KTDH01 (KTDH_newsite1),14.69842,107.8363,14.49433,107.92508,KTDH01 (KTDH_newsite1)-KTDT04
Kon Tum#CAX#Kon Đào-KTDT17,14.69842,107.8363,14.7280737,107.7528482,KTDT04-KTDT17
Đăk Lăk#CAX#Buôn Ma Thuột-DLBT22,12.712313,108.06892,12.6978,108.02938,DLBT11-DLBT22
Đăk Lăk#CAX#Buôn Ma Thuột-DLBT52,12.712313,108.06892,12.68915,108.04834,DLBT52-DLBT11
Đăk Lăk#Phòng#PC08-Đăk Lăk#Phòng#Trại tạm giam Buôn Mê Thuột,12.6994,108.0564,12.71203,108.0661,DLBT84-DLBT80
Đăk Lăk#Phòng#PC08-Đăk Lăk#TTCMKV#TT1 Đăk Lăk,12.6994,108.0564,12.6843,108.0528,DLBT80-DLBT09
Đăk Lăk#Phòng#Trại tạm giam Buôn Mê Thuột-DLBT54,12.71203,108.0661,12.6884,108.035,DLBT54-DLBT84
Đăk Lăk#Phòng#Trại tạm giam Buôn Mê Thuột-Đăk Lăk#Phòng#PC08,12.71203,108.0661,12.6994,108.0564,DLBT84-DLBT80
Đăk Lăk#CAX#Cư M’gar-DLCG30,12.85251,108.1049,12.8166,108.071,DLCG06-DLCG30
Đăk Lăk#CAX#Cư M’gar-DLCG41,12.85251,108.1049,12.89177,108.17996,DLCG41-DLCG06
Đăk Lăk#CAX#Ea M’Droh-DLCG14,12.86058,107.9652,12.830697,108.033728,DLCG33-DLCG14
Đăk Lăk#CAX#Ea M’Droh-DLCG08,12.86058,107.9652,12.89577,108.06609,DLCG08-DLCG33
Đăk Lăk#CAX#Ea Hiao-Đăk Lăk#CAX#Dliê Ya,13.26653,108.2872,13.11643,108.3293,DLEH07-DLKN15
Đăk Lăk#CAX#Ea Hiao-DLEH18,13.26653,108.2872,13.20129,108.21557,DLEH18-DLEH07
Đăk Lăk#CAX#Cư Pơng-Đăk Lăk#CAX#Krông Búk,13.00979,108.1509,13.03864,108.2186,DLKB31-DLKB22
Đăk Lăk#CAX#Cư Pơng-DLCG32,13.00979,108.1509,12.9595,108.08953,DLKB22-DLCG32
Đăk Lăk#CAX#Krông Búk-Đăk Lăk#CAX#Cư Pơng,13.03864,108.2186,13.00979,108.1509,DLKB31-DLKB22
Đăk Lăk#CAX#Krông Búk-Đăk Lăk#CAX#Pơng Drang,13.03864,108.2186,12.97057,108.2454,DLKB36-DLKB31
Đăk Lăk#CAX#Pơng Drang-Đăk Lăk#CAX#Krông Búk,12.97057,108.2454,13.03864,108.2186,DLKB36-DLKB31
Đăk Lăk#CAX#Pơng Drang-DLKB14,12.97057,108.2454,12.940084,108.23028,DLKB14-DLKB36
Đăk Lăk#CAX#Dliê Ya-Đăk Lăk#TTCMKV#KRông Năng,13.11643,108.3293,12.951746,108.34468,DLKN15-DLKN27
Đăk Lăk#CAX#Dliê Ya-Đăk Lăk#CAX#Ea Hiao,13.11643,108.3293,13.26653,108.2872,DLEH07-DLKN15
