BS_Name,BS_Lat,BS_Lon,Nearest_Router_Name,Nearest_Router_Lat,Nearest_Router_Lon,Router_Type,Router_Priority,Router_Site_ID,Route_Distance_KM,Status
Quảng Trị#Phòng#PC11 (Trại tạm giam),16.80126,107.0875,QTDH04,16.79761,107.083631,CSG,2,,0.7788,Success
Quảng Trị#Phòng#Trung tâm sát hạch lái xe,16.79029,107.091,QTDH50,16.791779,107.090522,CSG,2,,0.325,Success
Quảng Trị#Phòng#PC07,16.81325,107.0887,QTDH19,16.813592,107.088038,CSG,2,,0.1055,Success
Quảng Trị#Phòng#Khối CS,16.79036,107.1043,QTDH50,16.791779,107.090522,CSG,2,,1.8162,Success
Quảng Trị#Phòng#PC04/PA07,16.80926,107.0959,QTDH05,16.81154,107.09687,CSG,2,,0.4257,Success
Quảng Trị#Phòng#PA08,16.79036,107.1043,QTDH50,16.791779,107.090522,CSG,2,,1.8162,Success
Quảng Trị#Phòng#PA09,16.79036,107.1043,QTDH50,16.791779,107.090522,CSG,2,,1.8162,Success
Quảng Trị#Phòng#Trại giam Nghĩa An (C10),16.70855,106.9669,QTCL02,16.74525,106.9641,CSG,2,,5.3191,Success
"Quảng Trị#Phòng#Cơ sở cai nghiện (Cam Hiếu, Cam Lộ)",16.78465,107.0422,QTCL13,16.80421,107.04357,CSG,2,,2.8419,Success
"Quảng Trị#Phòng#PK02 (TT. Ái Tử, Triệu Phong)",16.76855,107.1684,QTQT03,16.74744,107.17837,CSG,2,,3.0809,Success
Quảng Trị#Phòng#TP Đông Hà,16.81566,107.1054,QTDH17,16.81484,107.10338,CSG,2,,0.7079,Success
Huế#Phòng#PK02,16.46507,107.5959,HUTH89,16.46522,107.59521,CSG,2,,0.0435,Success
Huế#Phòng#Phú Xuân,16.4873,107.5877,HUPX23,16.491191,107.588892,CSG,2,,0.4532,Success
Huế#Phòng#K02 (D2/E28),16.1452,107.6896,N/A,N/A,N/A,N/A,N/A,N/A,N/A,No router in radius
Huế#Phòng#PA07,16.49574,107.5986,HUTH2N,16.49246,107.60472,CSG,2,,1.2266,Success
Huế#Phòng#PC01,16.47548,107.6031,HUTH30,16.476861,107.597694,CSG,2,,0.7636,Success
Huế#Phòng#PC11,16.42334,107.5887,HUTH13,16.41803,107.59219,CSG,2,,1.0574,Success
Huế#Phòng#PC10,16.46767,107.5938,HUTH60,16.46932,107.59374,CSG,2,,0.4066,Success
Huế#Phòng#PC08 (CS1),16.45136,107.6125,HUTH05,16.44969,107.60714,CSG,2,,0.9634,Success
Huế#Phòng#Trại giam Bình Điền (C10),16.36139,107.4842,HUPX72,16.375989,107.564828,CSG,2,,10.4887,Success
Huế#Phòng#PC06 (54 Hùng Vương),16.46196,107.5961,HUTH01,16.462433,107.59441,AGG,1,,0.5841,Success
Huế#Phòng#Trung tâm SHLX PC08,16.40444,107.6318,HUHT27,16.41126,107.64041,CSG,2,,1.534,Success
Huế#Phòng#PC04 (trung tâm cái nghiện),16.42841,107.5107,HUPX73,16.45156,107.5304,AGG,1,,3.9803,Success
Huế#Phòng#PC07 (52 Hùng Vương),16.4625,107.5951,HUTH01,16.462433,107.59441,AGG,1,,0.7064,Success
Huế#Phòng#Trạm CSGT Phú Lộc,16.30845,107.7927,HUPL10,16.31785,107.7779,CSG,2,,1.9902,Success
Huế#Phòng#Nhà Ga Sân bay Phú Bài,16.39632,107.7031,HUHT24,16.3868299,107.6868061,CSG,2,,3.481,Success
Đà Nẵng#Phòng#PK02,16.04673,108.1571,DNLC06,16.05041,108.15325,CSG,2,,0.7725,Success
Đà Nẵng#Phòng#Trại giam CATP,16.07797,108.1151,DNHW22,16.06993,108.10842,CSG,2,,1.2889,Success
Đà Nẵng#Phòng#Trạm CSGT Hòa Nhơn,16.00665,108.1495,DNHV01,15.999806,108.145667,AGG,1,,2.5552,Success
Đà Nẵng#Phòng#PC08,16.00757,108.2176,DNCL56,16.01077,108.22035,CSG,2,,0.798,Success
Đà Nẵng#Phòng#PC07,16.03569,108.213,DNCL08,16.0347,108.21336,CSG,2,,0.2263,Success
Đà Nẵng#Phòng#PX04,16.06706,108.2201,DNHC02,16.0648227,108.2230842,CSG,2,,0.5277,Success
Đà Nẵng#Phòng#PA07,16.07437,108.2226,DNHC50,16.075659,108.222119,CSG,2,,0.2149,Success
Đà Nẵng#Phòng#PA06,16.0661,108.2218,DNHC02,16.0648227,108.2230842,CSG,2,,0.3196,Success
Đà Nẵng#Phòng#Trạm CSGT Hòa Hiệp,16.14062,108.1196,DNLC11,16.12094,108.11696,CSG,2,,2.4967,Success
Quảng Nam#Phòng#PK02,15.58243,108.4643,QATK15,15.57176,108.46619,CSG,2,,2.356,Success
Quảng Nam#Phòng#PC11,15.55858,108.45,QATK22,15.5593,108.4515,CSG,2,,0.5611,Success
Quảng Nam#Phòng#PC08,15.57878,108.4725,QATK71,15.579387,108.473777,AGG,1,,0.3001,Success
Quảng Nam#Phòng#PC06,15.56375,108.4814,QATK24,15.56684,108.47923,CSG,2,,1.2626,Success
Quảng Nam#Phòng#PC07,15.57504,108.4772,QATK71,15.579387,108.473777,AGG,1,,0.6925,Success
Quảng Nam#Phòng#PA08,15.88074,108.3319,QAHA27,15.881811,108.327432,CSG,2,,0.5766,Success
Quảng Nam#Phòng#PA06,15.58103,108.4692,QATK37,15.58035,108.46561,CSG,2,,0.6792,Success
Đà Nẵng#Phòng#Đồn Công an cảng hàng không (Sân bay Đà Nẵng),16.05277,108.2032,DNHC54,16.04813,108.20838,CSG,2,,1.0688,Success
"Đà Nẵng#Phòng#Cơ sở cai nghiện (X. Hòa Bắc, Hòa Vang)",16.1427,108.026,DNHW23,16.11111,108.08781,CSG,2,,9.9674,Success
"Quảng Nam#Phòng#Đội An ninh hàng không (TT. Núi Thành, Núi Thành)",15.43312,108.6605,QANT38,15.43534,108.65253,CSG,2,,0.9793,Success
"Quảng Nam#Phòng#Cơ sở cai nghiện (X. Sông Trà, Hiệp Đức)",15.54217,108.0497,N/A,N/A,N/A,N/A,N/A,N/A,N/A,No router in radius
"Quảng Nam#Phòng#Trạm CSGT Thăng Bình (X. Bình Phục, Thăng Bình)",15.72009,108.3759,QATB14,15.7184,108.37898,CSG,2,,0.509,Success
"Quảng Nam#Phòng#Đội CSĐT (X. Duy Nghĩa, Duy Xuyên)",15.85362,108.3609,QADX35,15.83046,108.37688,AGG,1,,4.2587,Success
Quảng Ngãi#Phòng ban#PC07,15.12796,108.7873,QNQN08,15.12934,108.78553,CSG,2,,0.3118,Success
Quảng Ngãi#Phòng ban#Sơn Tịnh,15.15466,108.7366,QNST07,15.156694,108.753965,CSG,2,,2.5098,Success
Quảng Ngãi#Phòng ban#PC01,15.121,108.7921,QNQN06,15.11804,108.79231,CSG,2,,0.3276,Success
Quảng Ngãi#Phòng ban#CS113,15.1186,108.8064,QNQN16,15.12044,108.80544,CSG,2,,0.2286,Success
Quảng Ngãi#Phòng ban#PK02,15.12264,108.8169,QNQN22,15.118394,108.829897,CSG,2,,1.7359,Success
Quảng Ngãi#Phòng ban#Khối Cảnh sát,15.121,108.7921,QNQN06,15.11804,108.79231,CSG,2,,0.3276,Success
Quảng Ngãi#Phòng ban#K02 (D3/E23),15.33689,108.8419,QNBS03,15.338387,108.853323,CSG,2,,1.9862,Success
Quảng Ngãi#Phòng ban#PC08,15.10006,108.8068,QNQN25,15.09759,108.81506,CSG,2,,1.056,Success
Quảng Ngãi#Phòng ban#PA03,15.12074,108.7989,QNQN31,15.12628,108.79764,CSG,2,,0.6506,Success
Quảng Ngãi#Phòng ban#PC03,15.12274,108.8181,QNQN22,15.118394,108.829897,CSG,2,,1.5913,Success
Quảng Ngãi#Phòng ban#PC10,15.14859,108.7971,QNQN82,15.15044,108.79672,CSG,2,,0.3155,Success
Quảng Ngãi#Phòng ban#PA06,15.12939,108.7892,QNQN08,15.12934,108.78553,CSG,2,,0.6173,Success
"Quảng Ngãi#Phòng ban#PC11 (X. Nghĩa Kỳ, H. Tư Nghĩa)",15.11711,108.7462,QNTN66,15.11706,108.740035,CSG,2,,1.5425,Success
"Quảng Ngãi#Phòng ban#Cơ sở cai nghiện (X. Nghĩa Kỳ, H. Tư Nghĩa)",15.11671,108.7474,QNTN26,15.11727,108.75462,CSG,2,,1.3783,Success
Quảng Ngãi#Phòng ban#TTCMKV Tư Nghĩa,15.08352,108.8265,QNTN_Newsite1,15.0895363,108.8279395,AGG,1,,0.9408,Success
Kon Tum#Phòng ban#PC06,14.35389,108.0067,KTKT48,14.35,108.006,CSG,2,,0.4892,Success
Kon Tum#Phòng ban#PA06,14.35611,108.003,KTKT44,14.357944,108.003443,CSG,2,,0.2088,Success
Kon Tum#Phòng ban#PC07,14.36348,107.9988,KTKT10,14.36515,108.00004,CSG,2,,0.5169,Success
"Kon Tum#Phòng ban#Khối CS (PC01, PC02, PC03, PC04)",14.38014,107.9868,KTKT33,14.37196,107.98927,CSG,2,,1.1805,Success
Kon Tum#Phòng ban#PC08,14.36945,108.0085,KTKT30,14.36501,108.00809,CSG,2,,0.5551,Success
Kon Tum#Phòng ban#PC11,14.48789,107.9599,KTDH18,14.50071,107.9545,CSG,2,,2.1341,Success
Kon Tum#Phòng ban#PK02/PX03,14.37695,108.0199,KTKT50,14.37033,108.0201,CSG,2,,0.8019,Success
Kon Tum#Phòng ban#PA05/PC10/PX05/PX06,14.34967,108.0075,KTKT48,14.35,108.006,CSG,2,,0.1658,Success
Kon Tum#Phòng ban#PC09,14.37054,108.0073,KTKT30,14.36501,108.00809,CSG,2,,0.8427,Success
Kon Tum#Phòng ban#PH10,14.35304,108.0101,KTKT57,14.3491,108.01327,CSG,2,,0.7584,Success
Bình Định#Phòng#PX05,13.77005,109.2322,BDQN98,13.77057,109.23167,CSG,2,,0.1902,Success
Bình Định#Phòng#Khối CQ CSĐT,13.75707,109.2124,BDQN23,13.760712,109.215399,CSG,2,,0.6635,Success
Bình Định#Phòng#PA07 cũ,13.77738,109.2299,BDQN51,13.77620115,109.2354762,CSG,2,,0.6755,Success
Bình Định#Phòng#PC06,13.772,109.227,BDQN90,13.767781,109.223002,CSG,2,,0.8099,Success
Bình Định#Phòng#PC07,13.76858,109.2239,BDQN90,13.767781,109.223002,CSG,2,,0.1603,Success
Bình Định#Phòng#PK02,13.77064,109.2256,BDQN90,13.767781,109.223002,CSG,2,,0.4466,Success
Bình Định#Phòng#PC08,13.7951,109.1577,BDQN58,13.794076,109.154071,CSG,2,,0.4952,Success
Bình Định#Phòng#PC11B,13.74903,109.1627,BDQN63,13.748088,109.152633,CSG,2,,2.4378,Success
Bình Định#Phòng#K02 (E23),13.74405,109.1635,BDQN63,13.748088,109.152633,CSG,2,,1.7678,Success
Gia Lai#Phòng#Trại Giam Gia Trung,14.06473,108.3343,GLMY05,14.05378,108.29298,CSG,2,,5.4147,Success
Gia Lai#Phòng#K02 (D1/E20),13.93993,108.0063,GLPK72,13.9366678,108.0083274,CSG,2,,0.653,Success
Gia Lai#Phòng#PC11 A,13.92837,108.017,GLPK72,13.9366678,108.0083274,CSG,2,,2.4502,Success
Bình Định#Phòng#Cảng hàng không Phù Cát,13.95354,109.0481,BDAN26,13.94391,109.06499,CSG,2,,2.5614,Success
Bình Định#Phòng#Cơ sở cai nghiện ma tuý (PC04),13.74934,109.1478,BDQN63,13.748088,109.152633,CSG,2,,0.8153,Success
Phú Yên#Phòng#PC07,13.09501,109.2916,PYPY67,13.096668,109.292926,CSG,2,,0.7245,Success
Phú Yên#Phòng#PC11,13.09377,109.2912,PYPY58,13.08827,109.2951,CSG,2,,1.0571,Success
Phú Yên#Phòng#PC08,13.071469,109.275869,PYPH17,13.06666,109.29008,CSG,2,,2.0937,Success
Phú Yên#Phòng#PK02,13.14724,109.2846,PYPY16,13.142799,109.281176,AGG,1,,1.5158,Success
Phú Yên#Phòng#Cơ quan điều tra Tuy Hòa,13.0951,109.3202,PYPY20,13.09354,109.32055,CSG,2,,0.1803,Success
Phú Yên#Phòng#PA08,13.08809,109.3123,PYPY32,13.08665,109.31354,CSG,2,,0.299,Success
Phú Yên#Phòng#PA05,13.08964,109.3095,PYPY47,13.089928,109.309517,CSG,2,,0.0112,Success
Phú Yên#Phòng#PA06,13.1166,109.310536,PYPY40,13.120221,109.301418,CSG,2,,1.107,Success
Phú Yên#Phòng#PC06,13.0888,109.2993,PYPY10,13.08537,109.29911,CSG,2,,0.5715,Success
Phú Yên#Phòng#Cảng hàng không Tuy Hòa,13.049661,109.344792,PYPY35,13.06963,109.33532,CSG,2,,3.5081,Success
Phú Yên#Phòng#TTCMKV Đông Hòa,12.990696,109.33169,PYDH20,12.98856,109.33191,CSG,2,,0.4832,Success
Đăk Lăk#Phòng#PC07,12.71727,108.0723,DLBT84,12.7104,108.061,CSG,2,,1.912,Success
Đăk Lăk#Phòng#PC11,12.64173,108.0236,DLBT60,12.63974,108.0151,CSG,2,,1.6759,Success
Đăk Lăk#Phòng#PK02,12.7099,108.0676,DLBT84,12.7104,108.061,CSG,2,,1.0329,Success
Đăk Lăk#Phòng#PA07,12.68749,108.0519,DLBT09,12.6882169,108.0558705,AGG,1,,0.5287,Success
Đăk Lăk#Phòng#PA08,13.08809,109.3123,PYPY32,13.08665,109.31354,CSG,2,,0.299,Success
Đăk Lăk#Phòng#PC08,12.6994,108.0564,DLBT80,12.69771,108.05727,CSG,2,,0.2374,Success
Đăk Lăk#Phòng#PC04,12.68355,108.0445,DLBT17,12.68789,108.04289,CSG,2,,0.6418,Success
Phú Yên#Phòng#Trại giam Xuân Phước (C10),13.312086,109.042342,PYDX03,13.29687879,109.0647112,CSG,2,,3.4465,Success
Phú Yên#Phòng#Điểm đăng ký sát hạch lái xe (PC08),13.1123,109.2845,PYPY66,13.11446,109.28271,CSG,2,,0.9524,Success
Đăk Lăk#Phòng#Trại tạm giam Buôn Mê Thuột,12.71203,108.0661,DLBT84,12.7104,108.061,CSG,2,,0.7909,Success
Đăk Lăk#Phòng#Cảng hàng không Buôn Mê Thuột,12.664,108.1171,DLBT05,12.657706,108.107314,CSG,2,,3.4296,Success
"Đăk Lăk#Phòng#Cơ sở cai nghiện (X. Tân Tiến, H. Kron Pắc)",12.65602,108.3431,DLKP17,12.662,108.34816,AGG,1,,1.0444,Success
Đăk Lăk#Phòng#Trung tâm huấn luyện PX01,12.67325,108.0336,DLBT72,12.67028,108.027,CSG,2,,0.9904,Success
Khánh Hòa#Phòng#Khánh Sơn,12.0057,108.9494,N/A,N/A,N/A,N/A,N/A,N/A,N/A,No router in radius
Khánh Hòa#Phòng#Cam Phước Đông,11.94161,109.1131,KHCR47,11.94107001,109.1132701,CSG,2,,0.0541,Success
Ninh Thuận#Phòng#Đông Hải,11.5643,109.0101,N/A,N/A,N/A,N/A,N/A,N/A,N/A,No router in radius
Ninh Thuận#Phòng#PC07 cơ sở 2,11.56495,109.002,N/A,N/A,N/A,N/A,N/A,N/A,N/A,No router in radius
Ninh Thuận#Phòng#PC10 cơ sở 2,11.55308,109.0064,N/A,N/A,N/A,N/A,N/A,N/A,N/A,No router in radius
Ninh Thuận#Phòng#Thuận Nam,11.47223,108.9149,N/A,N/A,N/A,N/A,N/A,N/A,N/A,No router in radius
Ninh Thuận#Phòng#PC10 cơ sở 2,11.55308,109.0064,N/A,N/A,N/A,N/A,N/A,N/A,N/A,No router in radius
Ninh Thuận#Phòng#Ninh Hải,11.59783,109.0311,N/A,N/A,N/A,N/A,N/A,N/A,N/A,No router in radius
Ninh Thuận#Phòng#Bảo An,11.58211,108.9728,N/A,N/A,N/A,N/A,N/A,N/A,N/A,No router in radius
Khánh Hòa#Phòng#CATP Nha trang cũ,12.24647,109.1894,KHNT60,12.24732201,109.18725,CSG,2,,0.4022,Success
Khánh Hòa#Phòng#PC06,12.24753,109.1896,KHNT60,12.24732201,109.18725,CSG,2,,0.2972,Success
Khánh Hòa#Phòng#PA08,12.24755,109.19,KHNT60,12.24732201,109.18725,CSG,2,,0.3605,Success
Khánh Hòa#Phòng#PA06 cs1,12.25373,109.1942,KHNT24,12.2522001,109.1937001,AGG,1,,0.226,Success
Khánh Hòa#Phòng#PC08 csc,12.24904,109.1841,KHNT05,12.2492,109.1834,CSG,2,,0.1144,Success
Khánh Hòa#Phòng#Nhà tạm giam Diên Khánh,12.24635,109.0729,KHDK13,12.24885,109.09061,CSG,2,,2.3922,Success
Khánh Hòa#Phòng#Trại giam A2,12.31491,109.0257,KHDK37,12.30831901,108.997223,CSG,2,,7.7701,Success
Khánh Hòa#Phòng#PC07,12.2391,109.1866,KHNT90,12.23783023,109.1886646,CSG,2,,0.3543,Success
Khánh Hòa#Phòng#PA06 cs2,12.23647,109.1846,KHNT55,12.23558201,109.183919,CSG,2,,0.1885,Success
Khánh Hòa#Phòng#PC11a,12.1757,109.1737,KHNTMA01,12.18747,109.17025,AGG,1,,2.9158,Success
Khánh Hòa#Phòng#PC02,12.21899,109.2043,KHNT4D,12.21645,109.19974,CSG,2,,0.7251,Success
Khánh Hòa#Phòng#PK02 cs1,12.27875,109.1889,KHNT94,12.2775384,109.1844806,CSG,2,,0.9003,Success
Khánh Hòa#Phòng#Trung đoàn CSCĐ-E23,12.28833,109.1638,KHNT78,12.29192001,109.176221,CSG,2,,2.1761,Success
Khánh Hòa#Phòng#PK02 cs2,12.33893,109.1952,KHNT13,12.33962201,109.197859,CSG,2,,0.9923,Success
Khánh Hòa#Phòng#Trạm CSGT Ninh An cũ,12.53169,109.1604,KHNH20,12.5296,109.1599,CSG,2,,0.3792,Success
Ninh Thuận#Phòng#Trại giam Sông Cái,11.82359,108.8002,N/A,N/A,N/A,N/A,N/A,N/A,N/A,No router in radius
Ninh Thuận#Phòng#PC11B,11.76602,109.06,KHCR04,11.83796801,109.111695,CSG,2,,11.9805,Success
Huế#Phòng#Nguyễn Thái Học,16.46768,107.595,HUTH89,16.46522,107.59521,CSG,2,,0.2747,Success
Quảng Ngãi#Phòng ban#TT Quảng Ngãi (mới),15.12304,108.8256,QNQN41,15.12528,108.83355,CSG,2,,1.0004,Success
"Quảng Ngãi#Phòng ban#Khối Phòng PA08,PA05",15.11382,108.7964,QNQN09,15.11339,108.79967,CSG,2,,0.6164,Success
"Quảng Ngãi#Phòng ban#Đội csgt đường thủy, PC08",15.22061,108.9128,QNBS05,15.215572,108.916406,CSG,2,,1.5878,Success
Quảng Ngãi#Phòng ban#Trung tâm HLBD NV- PX01,15.12194,108.817,QNQN22,15.118394,108.829897,CSG,2,,1.8119,Success
Quảng Ngãi#Phòng ban#khối phòng CAT KV P.NL,15.12811,108.7955,QNQN31,15.12628,108.79764,CSG,2,,0.3843,Success
Khánh Hòa#Phòng#Nhà nghỉ dưỡng 378 BCA,12.25676,109.1976,KHNT24,12.2522001,109.1937001,AGG,1,,1.1162,Success
Khánh Hòa#Phòng#PC08 (xử lý vi phạm),12.24807,109.1858,KHNT60,12.24732201,109.18725,CSG,2,,0.2339,Success
Khánh Hòa#Phòng#PC08 (CSGT đường thủy),12.1976,109.2157,KHNT42,12.20433,109.2149476,CSG,2,,1.2209,Success
Khánh Hòa#Phòng#NTG Nha Trang cũ,12.27693,109.1884,KHNT94,12.2775384,109.1844806,CSG,2,,1.135,Success
Khánh Hòa#Phòng#Cảng HKQT Cam Ranh,11.99821,109.2188,KHCR10,12.020986,109.215965,CSG,2,,2.9497,Success
Khánh Hòa#Phòng#Trung tâm Cai nghiện Khánh Bình,12.40598,108.9571,KHKV08,12.40196,108.94824,CSG,2,,1.7113,Success
Quảng Trị#Phòng#PC11A - Phân Trại Gio Linh,16.92754,107.0942,QTGL01,16.942,107.07308,AGG,1,,4.3351,Success
Quảng Trị#Phòng#PC11A - Phân Trại Hướng Hoá,16.6945,106.8796,QTCL06,16.74963,106.92699,CSG,2,,22.5466,Success
Quảng Trị#Phòng#PC11A - Phân Trại Triệu Phong,16.77012,107.1639,QTQT03,16.74744,107.17837,CSG,2,,3.474,Success
"Quảng Trị#Phòng#Phòng PH10, Nhà Nghỉ dưỡng Cửa Việt",16.91051,107.1878,QTGL03,16.91624,107.17423,CSG,2,,2.204,Success
Quảng Trị#Phòng#Phòng PH10 Bệnh xá Cơ sở 1 - Phía Nam,16.7889,107.1041,QTDH34,16.78303,107.11045,CSG,2,,1.7505,Success
"Quảng Trị#Phòng#Phòng PC08, trạm cảnh sát Giao thông Hải Lăng",16.66777,107.2694,QTHL25,16.68812,107.26891,AGG,1,,3.23,Success
"Quảng Trị#Phòng#Phòng PC07, Đội PCCC Khu vực 2",16.62004,106.6037,N/A,N/A,N/A,N/A,N/A,N/A,N/A,No router in radius
"Quảng Trị#Phòng#Phòng PC07, Đội PCCC khu vực 3",17.07781,106.9983,QTVL01,17.07791,106.99558,CSG,2,,0.4357,Success
"Quảng Trị#Phòng#Phòng PC07, Đội PCCC khu vực 4",16.91703,107.0967,QTGL13,16.90969,107.12424,CSG,2,,4.7102,Success
"Quảng Trị#Phòng#Phòng PC07, Đội PCCC khu vực 5",16.75634,107.1986,QTQT06,16.756179,107.195775,CSG,2,,0.4042,Success
"Quảng Trị#Phòng#Phòng PC07, Đội PCCC khu vực 6",16.70092,106.8858,QTCL06,16.74963,106.92699,CSG,2,,23.1351,Success
"Quảng Trị#Phòng#Phòng PC07, Đội PCCC khu vực Hải lăng",16.71074,107.2445,QTHL03,16.70894,107.26223,CSG,2,,2.7411,Success
"Quảng Trị#Phòng#Phòng PA08, Trạm cửa khẩu Lao Bảo",16.62318,106.5922,N/A,N/A,N/A,N/A,N/A,N/A,N/A,No router in radius
"Quảng Trị#Phòng#Phòng PA08, Trạm cửa khẩu La Lay",16.3149,106.968445,N/A,N/A,N/A,N/A,N/A,N/A,N/A,No router in radius
Quảng Trị#CAX#Vĩnh Hoàng,17.06962,107.0328,QTVL48,17.04366,107.02607,CSG,2,,5.0113,Success
Quảng Trị#CAX#Bến Quan,17.07631,106.8629,N/A,N/A,N/A,N/A,N/A,N/A,N/A,No router in radius
Quảng Trị#CAX#Cồn Tiên,16.91979,106.9617,QTGL04,16.89502,106.99186,CSG,2,,4.6035,Success
Quảng Trị#CAX#Cửa Tùng,17.00582,107.0823,QTGL12,16.97785,107.09966,CSG,2,,9.3085,Success
Quảng Trị#CAX#Cửa Việt,16.90575,107.1769,QTGL03,16.91624,107.17423,CSG,2,,2.0727,Success
Quảng Trị#CAX#Hiếu Giang,16.80435,107.0406,QTCL13,16.80421,107.04357,CSG,2,,0.5516,Success
Quảng Trị#CAX#Vĩnh Thủy,16.98844,107.0342,QTGL44,16.9664,107.06918,CSG,2,,5.6026,Success
Quảng Trị#CAX#Bến Hải,16.98909,107.1067,QTGL12,16.97785,107.09966,CSG,2,,1.5391,Success
Quảng Trị#CAX#Gio Linh,16.92741,107.0928,QTGL01,16.942,107.07308,AGG,1,,4.3065,Success
Quảng Trị#CAX#Đông Hà,16.81241,107.0893,QTDH19,16.813592,107.088038,CSG,2,,0.2746,Success
Quảng Trị#CAX#Nam Hải Lăng,16.62344,107.3062,QTHL06,16.66435,107.27957,CSG,2,,6.1709,Success
Quảng Trị#CAX#Mỹ Thủy,16.72653,107.335,QTHL10,16.72602,107.33658,CSG,2,,0.2832,Success
Quảng Trị#CAX#Vĩnh Định,16.7645,107.224,QTHL19,16.75345,107.2156,CSG,2,,1.7113,Success
Quảng Trị#CAX#Triệu Bình,16.83946,107.1305,QTTP17,16.82937,107.16792,CSG,2,,4.5361,Success
Quảng Trị#CAX#Nam Cửa Việt,16.86187,107.1743,QTTP15,16.84789,107.19601,CSG,2,,4.5751,Success
Quảng Trị#CAX#Triệu Cơ,16.76343,107.2432,QTTP05,16.77026,107.25003,CSG,2,,1.4371,Success
Quảng Trị#CAX#Nam Đông Hà,16.81566,107.1054,QTDH17,16.81484,107.10338,CSG,2,,0.7079,Success
Quảng Trị#CAX#Triệu Phong,16.7704,107.168,QTTP10,16.7875,107.18053,CSG,2,,2.9746,Success
Quảng Trị#CAX#Ái Tử,16.791,107.1727,QTTP10,16.7875,107.18053,CSG,2,,1.6668,Success
Quảng Trị#CAX#Hải Lăng,16.7306,107.2084,QTHL05,16.73364,107.20556,CSG,2,,0.5441,Success
Quảng Trị#CAX#Ba Lòng,16.6599,106.9511,QTCL02,16.74525,106.9641,CSG,2,,34.369,Success
Quảng Trị#CAX#Đakrông,16.65462,106.7961,N/A,N/A,N/A,N/A,N/A,N/A,N/A,No router in radius
Quảng Trị#CAX#Hướng Phùng,16.73454,106.5769,N/A,N/A,N/A,N/A,N/A,N/A,N/A,No router in radius
Quảng Trị#CAX#Hướng Lập,16.88643,106.569,N/A,N/A,N/A,N/A,N/A,N/A,N/A,No router in radius
Quảng Trị#CAX#Tân Lập,16.616,106.7009,N/A,N/A,N/A,N/A,N/A,N/A,N/A,No router in radius
Quảng Trị#CAX#Lao Bảo,16.60345,106.6298,N/A,N/A,N/A,N/A,N/A,N/A,N/A,No router in radius
Quảng Trị#CAX#Lìa,16.4859,106.7016,N/A,N/A,N/A,N/A,N/A,N/A,N/A,No router in radius
Quảng Trị#CAX#A Dơi,16.4777,106.7451,N/A,N/A,N/A,N/A,N/A,N/A,N/A,No router in radius
Quảng Trị#CAX#Khe Sanh,16.6299,106.7378,N/A,N/A,N/A,N/A,N/A,N/A,N/A,No router in radius
Quảng Trị#CAX#Tà Rụt,16.39185,106.9887,N/A,N/A,N/A,N/A,N/A,N/A,N/A,No router in radius
Quảng Trị#CAX#La Lay,16.37402,107.0053,N/A,N/A,N/A,N/A,N/A,N/A,N/A,No router in radius
Huế#CAX#Phú Vinh,16.41302,107.8119,HUPV14,16.40872,107.83615,CSG,2,,3.2371,Success
Huế#CAX#Vinh Lộc,16.35248,107.9012,HUPL06,16.35535,107.88385,CSG,2,,1.8984,Success
Huế#CAX#Chân Mây_Lăng Cô,16.2408,108.0784,HUPL25,16.29091,108.01514,CSG,2,,11.9532,Success
Huế#CAX#Hưng Lộc,16.26203,107.7031,HUPL40,16.3217,107.7401,CSG,2,,8.9023,Success
Huế#CAX#Lộc An,16.26916,107.7815,HUPL18,16.29652,107.81027,CSG,2,,6.0782,Success
Huế#CAX#Phong Dinh,16.66089,107.3833,HUPD49,16.65211,107.39966,CSG,2,,2.1999,Success
Huế#CAX#Phong Phú,16.70486,107.3639,QTHL10,16.72602,107.33658,CSG,2,,4.0317,Success
Huế#CAX#Phong Quảng,16.66898,107.4792,HUQD06,16.62734,107.51794,CSG,2,,7.9028,Success
Huế#CAX#Phong Thái,16.55514,107.4529,HUPD22,16.55369,107.44243,CSG,2,,3.2763,Success
Huế#CAX#Hương Trà,16.5235,107.4753,HUHA01,16.5252,107.47588,AGG,1,,0.3817,Success
Huế#CAX#Đan Điền,16.53095,107.4919,HUHA01,16.5252,107.47588,AGG,1,,2.6744,Success
Huế#CAX#Kim Trà,16.4913,107.5208,HUHA35,16.48894,107.52013,CSG,2,,0.3531,Success
Huế#CAX#Hương An,16.4687,107.5243,HUHA35,16.48894,107.52013,CSG,2,,3.6493,Success
Huế#CAX#Kim Long,16.4395,107.5244,HUPX73,16.45156,107.5304,AGG,1,,1.8377,Success
Huế#CAX#Hóa Châu,16.5544,107.5804,HUTH98,16.54452,107.57052,CSG,2,,1.7812,Success
Huế#CAX#Mỹ Thượng,16.5046,107.6264,HUTH2N,16.49246,107.60472,CSG,2,,3.8245,Success
Huế#CAX#Phú Xuân,16.4873,107.5877,HUPX23,16.491191,107.588892,CSG,2,,0.4532,Success
Huế#CAX#Dương Nỗ,16.5127,107.5997,HUTH1F,16.51095,107.60384,CSG,2,,0.5951,Success
Huế#CAX#Thuận An,16.54379,107.6362,HUTH1E,16.54695,107.63797,AGG,1,,0.4171,Success
Huế#CAX#Thuận Hóa,16.4514,107.5892,HUTH20,16.45221,107.58958,CSG,2,,0.1,Success
Huế#CAX#An Cựu,16.4588,107.6088,HUTH53,16.45983,107.60544,CSG,2,,0.3764,Success
Huế#CAX#Phú Hồ,16.45432,107.6804,HUPV27,16.45707,107.68002,CSG,2,,0.3095,Success
Huế#CAX#Vỹ Dạ,16.4783,107.5993,HUTH30,16.476861,107.597694,CSG,2,,0.3363,Success
Huế#CAX#Thanh Thủy (CS1),16.4431,107.6164,HUHT32,16.43964,107.614,AGG,1,,1.0701,Success
Huế#CAX#Hương Thủy,16.4232,107.6651,HUHT15,16.42381,107.6514,CSG,2,,2.1028,Success
Huế#CAX#Thủy Xuân,16.4447,107.5441,HUTH35,16.44359,107.54018,CSG,2,,0.5906,Success
Huế#CAX#Bình Điền,16.34926,107.5051,HUPX72,16.375989,107.564828,CSG,2,,7.6637,Success
Huế#CAX#A Lưới 5,16.30119,107.3368,N/A,N/A,N/A,N/A,N/A,N/A,N/A,No router in radius
Huế#CAX#A Lưới 2,16.27597,107.2309,N/A,N/A,N/A,N/A,N/A,N/A,N/A,No router in radius
Huế#CAX#A Lưới 1,16.313,107.1903,N/A,N/A,N/A,N/A,N/A,N/A,N/A,No router in radius
Huế#CAX#A Lưới 4,16.11256,107.3506,N/A,N/A,N/A,N/A,N/A,N/A,N/A,No router in radius
Huế#CAX#A Lưới 3,16.23423,107.267,N/A,N/A,N/A,N/A,N/A,N/A,N/A,No router in radius
Huế#CAX#Khe Tre,16.17023,107.7187,N/A,N/A,N/A,N/A,N/A,N/A,N/A,No router in radius
Huế#CAX#Nam Đông,16.15848,107.7119,N/A,N/A,N/A,N/A,N/A,N/A,N/A,No router in radius
Huế#CAX#Long Quảng,16.12215,107.6324,N/A,N/A,N/A,N/A,N/A,N/A,N/A,No router in radius
Phú Yên#CAX#Xuân Cảnh,12.5193994,108.0419581,DLBT56,12.603598,108.032314,CSG,2,,20.0143,Success
Phú Yên#CAX#Xuân Lộc,13.624411,109.229295,N/A,N/A,N/A,N/A,N/A,N/A,N/A,No router in radius
Phú Yên#CAX#Xuân Lãnh,13.48846,109.03109,N/A,N/A,N/A,N/A,N/A,N/A,N/A,No router in radius
Phú Yên#CAX#Tuy An Nam,13.181704,109.28728,PYTA12,13.18456,109.29725,CSG,2,,1.7255,Success
Phú Yên#CAX#Ô Loan,13.240071,109.257643,PYTA32,13.245707,109.254983,CSG,2,,2.2932,Success
Phú Yên#CAX#Tuy An Đông,13.340476,109.254179,PYTA05,13.339178,109.242915,CSG,2,,1.4387,Success
Phú Yên#CAX#Xuân Thọ,13.397463,109.21378,PYTA06,13.31995,109.21291,CSG,2,,16.0051,Success
Phú Yên#CAX#Xuân Đài,13.39746,109.21377,PYTA06,13.31995,109.21291,CSG,2,,16.0055,Success
Phú Yên#CAX#Tuy An Bắc,13.308276,109.215649,PYTA14,13.306107,109.213861,AGG,1,,0.5273,Success
Phú Yên#CAX#Tuy An Tây,13.256135,109.171689,PYTA16,13.294215,109.14735,CSG,2,,7.6813,Success
Phú Yên#CAX#Phú Mỡ,13.355786,108.983261,N/A,N/A,N/A,N/A,N/A,N/A,N/A,No router in radius
Phú Yên#CAX#Xuân Phước,13.298438,109.066,PYDX03,13.29687879,109.0647112,CSG,2,,0.2709,Success
Phú Yên#CAX#Vân Hòa,13.0497487,108.9789,PYSA16,13.0624,108.9708,CSG,2,,1.8598,Success
Phú Yên#CAX#Tây Sơn,13.20336,109000000,N/A,N/A,N/A,N/A,N/A,N/A,N/A,No router in radius
Phú Yên#CAX#Suối Trai,13.094242,108.889707,PYSA14,13.085069,108.954368,CSG,2,,7.5586,Success
Phú Yên#CAX#Ea Bá,12.969582,108.810929,N/A,N/A,N/A,N/A,N/A,N/A,N/A,No router in radius
Phú Yên#CAX#Ea Ly,12.97929,109000000,N/A,N/A,N/A,N/A,N/A,N/A,N/A,No router in radius
Phú Yên#CAX#Đức Bình,12.932763,109.239138,PYTH03,12.93147,109.24409,CSG,2,,0.6558,Success
Phú Yên#CAX#Sơn Thành,12.984385,109.095316,PYTH01,12.98364,109.09595,CSG,2,,0.0929,Success
Phú Yên#CAX#Hòa Mỹ,12.96442,109.18387,PYTH06,12.94876,109.18937,CSG,2,,2.3232,Success
Phú Yên#CAX#Hòa Thịnh,12.932763,109.239138,PYTH03,12.93147,109.24409,CSG,2,,0.6558,Success
Phú Yên#CAX#Phú Hòa 2,13.082015,109.216297,PYPH03,13.081167,109.21384,CSG,2,,0.5655,Success
Phú Yên#CAX#Phú Yên,13.0529675,109.3105219,PYPY33,13.03959,109.31059,CSG,2,,1.562,Success
Phú Yên#CAX#Đông Hòa,12.990696,109.33169,PYDH20,12.98856,109.33191,CSG,2,,0.4832,Success
Phú Yên#CAX#Hòa Xuân,12.908726,109.36974,PYDH11,12.911037,109.368431,CSG,2,,0.3552,Success
Phú Yên#CAX#Hòa Hiệp (CS1),13.015105,109.356943,PYDH30,12.99888,109.36395,AGG,1,,3.5208,Success
Quảng Ngãi#CAX#Vạn Tường,15.33626,108.8415,QNBS03,15.338387,108.853323,CSG,2,,1.9135,Success
Quảng Ngãi#CAX#Đông Sơn,15.22855,108.8465,QNBS21,15.229375,108.846105,CSG,2,,0.1233,Success
Quảng Ngãi#CAX#Tịnh Khê,15.18297,108.8526,QNQN81,15.18833,108.85438,CSG,2,,0.6532,Success
Quảng Ngãi#CAX#An Phú,15.12683,108.8844,QNQN2D,15.132492,108.869301,CSG,2,,2.3913,Success
Quảng Ngãi#CAX#Bình Minh,15.27297,108.7029,QNBS64,15.2936,108.73354,CSG,2,,4.2671,Success
Quảng Ngãi#CAX#Bình Chương,15.27299,108.7215,QNBS28,15.26564,108.71051,CSG,2,,1.5647,Success
Quảng Ngãi#CAX#Sơn Tịnh,15.15489,108.7366,QNST07,15.156694,108.753965,CSG,2,,2.4844,Success
Quảng Ngãi#CAX#Bình Sơn,15.30289,108.7597,QNBS23,15.30476,108.75588,AGG,1,,0.7469,Success
Quảng Ngãi#CAX#Thọ Phong,15.2163,108.7615,QNST08,15.22559,108.76192,CSG,2,,1.2504,Success
Quảng Ngãi#CAX#Trương Quang Trọng,15.15547,108.7969,QNQN94,15.1545,108.79613,CSG,2,,0.1675,Success
Quảng Ngãi#CAX#Đông Trà Bồng,15.25119,108.5814,QNST30,15.2244,108.64533,CSG,2,,9.187,Success
Quảng Ngãi#CAX#Thanh Bồng,15.27637,108.4089,N/A,N/A,N/A,N/A,N/A,N/A,N/A,No router in radius
Quảng Ngãi#CAX#Tây Trà Bồng,15.13808,108.3722,N/A,N/A,N/A,N/A,N/A,N/A,N/A,No router in radius
Quảng Ngãi#CAX#Tây Trà,15.17295,108.3612,N/A,N/A,N/A,N/A,N/A,N/A,N/A,No router in radius
Quảng Ngãi#CAX#Sơn Tây Hạ,14.92219,108.4505,N/A,N/A,N/A,N/A,N/A,N/A,N/A,No router in radius
Quảng Ngãi#CAX#Sơn Tây,14.98852,108.3366,N/A,N/A,N/A,N/A,N/A,N/A,N/A,No router in radius
Quảng Ngãi#CAX#Sơn Thủy,14.98897,108.5044,N/A,N/A,N/A,N/A,N/A,N/A,N/A,No router in radius
Quảng Ngãi#CAX#Sơn Linh,15.00579,108.5657,N/A,N/A,N/A,N/A,N/A,N/A,N/A,No router in radius
Quảng Ngãi#CAX#Trường Giang,15.17137,108.6408,QNST06,15.17048,108.667,CSG,2,,3.2693,Success
Quảng Ngãi#CAX#Sơn Hạ,15.11084,108.5751,N/A,N/A,N/A,N/A,N/A,N/A,N/A,No router in radius
Quảng Ngãi#CAX#Cà Đam,15.17949,108.5883,QNST06,15.17048,108.667,CSG,2,,11.2193,Success
Quảng Ngãi#CAX#Ba Gia,15.23038,108.6905,QNBS28,15.26564,108.71051,CSG,2,,4.798,Success
Quảng Ngãi#CAX#Ba Dinh,14.74855,108.6801,N/A,N/A,N/A,N/A,N/A,N/A,N/A,No router in radius
Quảng Ngãi#CAX#Ba Tô,14.72347,108.6224,N/A,N/A,N/A,N/A,N/A,N/A,N/A,No router in radius
Quảng Ngãi#CAX#Ba Vì,14.70711,108.5582,N/A,N/A,N/A,N/A,N/A,N/A,N/A,No router in radius
Quảng Ngãi#CAX#Sơn Kỳ,14.89265,108.5319,N/A,N/A,N/A,N/A,N/A,N/A,N/A,No router in radius
Quảng Ngãi#CAX#Ba Vinh,14.83397,108.7039,N/A,N/A,N/A,N/A,N/A,N/A,N/A,No router in radius
Quảng Ngãi#CAX#Ba Động,14.82016,108.7657,N/A,N/A,N/A,N/A,N/A,N/A,N/A,No router in radius
Quảng Ngãi#CAX#Thiện Tín,14.95658,108.7751,QNNH06,14.95662,108.77385,CSG,2,,0.3031,Success
Quảng Ngãi#CAX#Đình Cương,15.01525,108.8216,QNNH17,15.024905,108.808331,CSG,2,,2.306,Success
Quảng Ngãi#CAX#Nghĩa Hành,15.04397,108.7766,QNNH21,15.04501,108.78833,AGG,1,,1.5892,Success
Quảng Ngãi#CAX#Nghĩa Lộ,15.12072,108.787,QNQN12,15.12252,108.78558,CSG,2,,0.3689,Success
Quảng Ngãi#CAX#Sơn Mai,15.00387,108.7181,QNNH15,15.027016,108.722448,CSG,2,,2.805,Success
Quảng Ngãi#CAX#Phước Giang,15.04567,108.7422,QNNH05,15.045137,108.748902,CSG,2,,0.7531,Success
Quảng Ngãi#CAX#Trà Giang,15.1323,108.7129,QNTN06,15.12473,108.730144,CSG,2,,2.3163,Success
Quảng Ngãi#CAX#Nghĩa Giang,15.09571,108.7826,QNQN10,15.10499,108.7887,CSG,2,,1.9372,Success
Quảng Ngãi#CAX#Đặng Thùy Trâm,14.73572,108.8704,N/A,N/A,N/A,N/A,N/A,N/A,N/A,No router in radius
Quảng Ngãi#CAX#Nguyễn Nghiêm,14.86414,108.8906,QNMD02,14.885983,108.918403,CSG,2,,4.4553,Success
Quảng Ngãi#CAX#Khánh Cường,14.74213,109.0294,N/A,N/A,N/A,N/A,N/A,N/A,N/A,No router in radius
Quảng Ngãi#CAX#Sa Huỳnh,14.67479,109.0632,BDHN07,14.59101,109.03545,CSG,2,,12.6719,Success
Quảng Ngãi#CAX#Đức Phổ,14.80887,108.9569,QNDP04,14.81176,108.95303,CSG,2,,0.8127,Success
Quảng Ngãi#CAX#Trà Câu,14.86846,108.9285,QNMD02,14.885983,108.918403,CSG,2,,3.0253,Success
Quảng Ngãi#CAX#Mộ Đức,14.94789,108.8879,QNMD25,14.95053,108.88331,AGG,1,,1.0983,Success
Quảng Ngãi#CAX#Vệ Giang,15.04918,108.8491,QNTN12,15.041756,108.84757,CSG,2,,1.2933,Success
Quảng Ngãi#CAX#Cẩm Thành,15.11488,108.8134,QNQN19,15.118089,108.814294,CSG,2,,0.4983,Success
Quảng Ngãi#CAX#Lân Phong,14.92761,108.9179,QNMD24,14.93058,108.92199,CSG,2,,0.7395,Success
Quảng Ngãi#CAX#Mỏ Cày,14.98548,108.9127,QNMD11,14.98294,108.90771,CSG,2,,0.9471,Success
Quảng Ngãi#CAX#Long Phụng,15.04167,108.8642,QNMD27,15.039153,108.863327,CSG,2,,0.4103,Success
Quảng Ngãi#CAX#Tư Nghĩa,15.09092,108.8218,QNTN_Newsite1,15.0895363,108.8279395,AGG,1,,1.0991,Success
Quảng Ngãi#CAX#Ba Xa,14.67663,108.558,N/A,N/A,N/A,N/A,N/A,N/A,N/A,No router in radius
Đà Nẵng#CAX#Hải Châu,16.07896,108.2222,DNHC24,16.079285,108.221358,CSG,2,,0.1207,Success
Đà Nẵng#CAX#Hòa Cường,16.0378,108.2154,DNHC46,16.039222,108.217583,CSG,2,,0.4105,Success
Đà Nẵng#CAX#Thanh Khê,16.07077,108.1924,DNTK10,16.07129,108.18794,CSG,2,,0.7181,Success
Đà Nẵng#CAX#An Khê,16.05719,108.1815,DNTK08,16.053417,108.182278,CSG,2,,0.6027,Success
Đà Nẵng#CAX#An Hải,16.06611,108.2414,DNST87,16.06757,108.24173,AGG,1,,0.2314,Success
Đà Nẵng#CAX#Sơn Trà,16.08304,108.2291,DNST12,16.082181,108.23012,CSG,2,,0.2462,Success
Đà Nẵng#CAX#Ngũ Hành Sơn,16.03888,108.2423,DNNH59,16.04242,108.24671,CSG,2,,0.9279,Success
Đà Nẵng#CAX#Hòa Khánh,16.06367,108.1573,DNLC02,16.06294,108.16049,CSG,2,,0.5829,Success
Đà Nẵng#CAX#Hải Vân,16.10747,108.1261,DNLC22,16.109353,108.129976,CSG,2,,0.7552,Success
Đà Nẵng#CAX#Liên Chiểu,16.07665,108.1457,DNLC1P,16.081936,108.146558,CSG,2,,0.8432,Success
Đà Nẵng#CAX#Cẩm Lệ,16.01187,108.1974,DNCL30,16.01206,108.20144,CSG,2,,0.7762,Success
Đà Nẵng#CAX#Hòa Xuân,15.98567,108.2016,DNHV12,15.98037,108.20771,CSG,2,,0.9423,Success
Đà Nẵng#CAX#Hòa Tiến,15.97039,108.1807,DNHV04,15.97037,108.18099,AGG,1,,0.0351,Success
Đà Nẵng#CAX#Bà Nà,16.00011,108.1454,DNHV01,15.999806,108.145667,AGG,1,,0.1389,Success
Quảng Nam#CAX#Núi Thành,15.43312,108.6605,QANT38,15.43534,108.65253,CSG,2,,0.9793,Success
Quảng Nam#CAX#Tam Mỹ,15.41296,108.6423,QANT39,15.43567,108.63941,CSG,2,,3.4588,Success
Quảng Nam#CAX#Tam Anh,15.50558,108.6087,QANT46,15.5003,108.57149,CSG,2,,7.0708,Success
Quảng Nam#CAX#Đức Phú,15.43726,108.5287,QANT03,15.46107301,108.603811,AGG,1,,14.749,Success
Quảng Nam#CAX#Tam Xuân,15.54565,108.5216,QANT49,15.54611,108.52502,CSG,2,,1.0371,Success
Quảng Nam#CAX#Tam Kỳ,15.56375,108.4814,QATK24,15.56684,108.47923,CSG,2,,1.2626,Success
Quảng Nam#CAX#Quảng Phú,15.60622,108.5366,QANT04,15.58422,108.55311,CSG,2,,3.4256,Success
Quảng Nam#CAX#Hương Trà,15.54533,108.4841,QATK03,15.55694,108.48727,CSG,2,,1.4559,Success
Quảng Nam#CAX#Bàn Thạch,15.57577,108.4771,QATK71,15.579387,108.473777,AGG,1,,0.6339,Success
Quảng Nam#CAX#Tây Hồ,15.61694,108.4113,QATB34,15.63384,108.39618,CSG,2,,3.4538,Success
Quảng Nam#CAX#Phú Ninh,15.52352,108.4193,QAPN04,15.5338,108.4342,CSG,2,,2.0616,Success
Quảng Nam#CAX#Lãnh Ngọc,15.45851,108.1722,N/A,N/A,N/A,N/A,N/A,N/A,N/A,No router in radius
Quảng Nam#CAX#Tiên Phước,15.48875,108.3079,N/A,N/A,N/A,N/A,N/A,N/A,N/A,No router in radius
Quảng Nam#CAX#Thạnh Bình,15.42591,108.3193,N/A,N/A,N/A,N/A,N/A,N/A,N/A,No router in radius
Quảng Nam#CAX#Sơn Cẩm Hà,15.57462,108.2783,QATB42,15.62891,108.22826,CSG,2,,13.5341,Success
Quảng Nam#CAX#Trà Liên,15.35666,108.3244,N/A,N/A,N/A,N/A,N/A,N/A,N/A,No router in radius
Quảng Nam#CAX#Trà Giáp,15.22252,108.2542,N/A,N/A,N/A,N/A,N/A,N/A,N/A,No router in radius
Quảng Nam#CAX#Trà Tân,15.23992,108.1783,N/A,N/A,N/A,N/A,N/A,N/A,N/A,No router in radius
Quảng Nam#CAX#Trà Đốc,15.36782,108.1483,N/A,N/A,N/A,N/A,N/A,N/A,N/A,No router in radius
Quảng Nam#CAX#Trà Mai,15.14696,108.1143,N/A,N/A,N/A,N/A,N/A,N/A,N/A,No router in radius
Quảng Nam#CAX#Trà Tập,15.15355,108.1085,N/A,N/A,N/A,N/A,N/A,N/A,N/A,No router in radius
Quảng Nam#CAX#Trà Vân,15.11066,108.1759,N/A,N/A,N/A,N/A,N/A,N/A,N/A,No router in radius
Quảng Nam#CAX#Trà Linh,15.03806,108.0695,N/A,N/A,N/A,N/A,N/A,N/A,N/A,No router in radius
Quảng Nam#CAX#Trà Leng,15.24319,108.0843,N/A,N/A,N/A,N/A,N/A,N/A,N/A,No router in radius
Quảng Nam#CAX#Thăng An,15.75919,108.3935,QATB25,15.73733894,108.3844111,CSG,2,,4.1268,Success
Quảng Nam#CAX#Thăng Trường,15.65096,108.4856,QATB35,15.65546,108.50342,AGG,1,,2.4914,Success
Quảng Nam#CAX#Thăng Điền,15.64444,108.4255,QATB31,15.6512,108.42046,AGG,1,,1.3904,Success
Quảng Nam#CAX#Thăng Phú,15.6326,108.3741,QATB34,15.63384,108.39618,CSG,2,,2.5096,Success
Quảng Nam#CAX#Đồng Dương,15.67675,108.3053,QATB07,15.70385,108.3267,CSG,2,,4.0583,Success
Quảng Nam#CAX#Quế Sơn Trung,15.73686,108.2884,QAQS10,15.73936,108.29134,CSG,2,,0.4135,Success
Quảng Nam#CAX#Xuân Phú,15.77703,108.3351,QATB11,15.7645,108.34095,CSG,2,,2.0617,Success
Quảng Nam#CAX#Nông Sơn,15.7129,108.0605,N/A,N/A,N/A,N/A,N/A,N/A,N/A,No router in radius
Quảng Nam#CAX#Quế Phước,15.69009,108.0378,N/A,N/A,N/A,N/A,N/A,N/A,N/A,No router in radius
Quảng Nam#CAX#Duy Nghĩa,15.8558,108.3747,QAHA18,15.8707757,108.3668772,CSG,2,,3.3182,Success
Quảng Nam#CAX#Nam Phước,15.83042,108.2721,QADX20,15.83305,108.27284,CSG,2,,0.4186,Success
Quảng Nam#CAX#Thu Bồn,15.82998,108.1244,QADX19,15.82707,108.12114,CSG,2,,0.7091,Success
Quảng Nam#CAX#Điện Bàn Đông,15.949,108.2549,QADB02,15.95509,108.2549,CSG,2,,0.6742,Success
Quảng Nam#CAX#An Thắng,15.92015,108.2215,QADB08,15.90959,108.23822,CSG,2,,2.8191,Success
Quảng Nam#CAX#Điện Bàn Bắc,15.92376,108.1573,QADB52,15.90605,108.1592,CSG,2,,2.6306,Success
Quảng Nam#CAX#Điện Bàn Tây,15.88845,108.1499,QADLMA01,15.88095,108.11899,AGG,1,,3.5487,Success
Quảng Nam#CAX#Gò Nổi,15.84047,108.1723,QADB54,15.85333,108.19631,CSG,2,,3.9201,Success
Quảng Nam#CAX#Hội An Đông,15.88636,108.3625,QAHA18,15.8707757,108.3668772,CSG,2,,2.136,Success
Quảng Nam#CAX#Hội An Tây,15.88521,108.308,QAHA06,15.89214,108.32104,AGG,1,,2.0211,Success
Quảng Nam#CAX#Hà Nha,15.86967,108.053,QADL11,15.87941,108.07823,CSG,2,,3.4997,Success
Quảng Nam#CAX#Thượng Đức,15.86178,107.9126,QADL34,15.8488,107.94628,CSG,2,,7.2314,Success
Quảng Nam#CAX#Vu Gia,15.84647,108.0867,QADL15,15.84638,108.08684,CSG,2,,0,Success
Quảng Nam#CAX#Phú Thuận,15.80999,108.0384,QADL02,15.85217,108.06094,CSG,2,,8.7849,Success
Quảng Nam#CAX#Bến Giằng,15.69034,107.7646,N/A,N/A,N/A,N/A,N/A,N/A,N/A,No router in radius
Quảng Nam#CAX#Nam Giang,15.67655,107.4983,N/A,N/A,N/A,N/A,N/A,N/A,N/A,No router in radius
Quảng Nam#CAX#Đắc Pring,15.58896,107.5377,N/A,N/A,N/A,N/A,N/A,N/A,N/A,No router in radius
Quảng Nam#CAX#La Dêê,15.59786,107.4555,N/A,N/A,N/A,N/A,N/A,N/A,N/A,No router in radius
Quảng Nam#CAX#La Êê,15.709,107.3338,N/A,N/A,N/A,N/A,N/A,N/A,N/A,No router in radius
Quảng Nam#CAX#Sông Vàng,15.96107,107.9219,N/A,N/A,N/A,N/A,N/A,N/A,N/A,No router in radius
Quảng Nam#CAX#Sông Kôn,15.96371,107.8131,N/A,N/A,N/A,N/A,N/A,N/A,N/A,No router in radius
Quảng Nam#CAX#Bến Hiên,15.83977,107.6819,N/A,N/A,N/A,N/A,N/A,N/A,N/A,No router in radius
Quảng Nam#CAX#A Vương,15.92919,107.5326,N/A,N/A,N/A,N/A,N/A,N/A,N/A,No router in radius
Quảng Nam#CAX#Tây Giang,15.88751,107.4943,N/A,N/A,N/A,N/A,N/A,N/A,N/A,No router in radius
Quảng Nam#CAX#Hùng Sơn,15.82954,107.3508,N/A,N/A,N/A,N/A,N/A,N/A,N/A,No router in radius
Quảng Nam#CAX#Việt An,15.60395,108.1674,QATB42,15.62891,108.22826,CSG,2,,7.9688,Success
Quảng Nam#CAX#Phước Trà,15.54102,108.0423,N/A,N/A,N/A,N/A,N/A,N/A,N/A,No router in radius
Quảng Nam#CAX#Phước Năng,15.42105,107.7728,N/A,N/A,N/A,N/A,N/A,N/A,N/A,No router in radius
Quảng Nam#CAX#Phước Chánh,15.3183,107.8123,N/A,N/A,N/A,N/A,N/A,N/A,N/A,No router in radius
Quảng Nam#CAX#Phước Thành,15.28646,107.8914,N/A,N/A,N/A,N/A,N/A,N/A,N/A,No router in radius
Quảng Nam#CAX#Phước Hiệp,15.46271,107.9382,N/A,N/A,N/A,N/A,N/A,N/A,N/A,No router in radius
Gia Lai#CAX#Hội Phú,13.95765,108.0329,GLPK13,13.97138,108.03329,CSG,2,,2.9293,Success
Gia Lai#CAX#Thống Nhất,14.01838,107.9888,GLPK54,14.0150989,107.9912269,CSG,2,,0.8418,Success
Gia Lai#CAX#Diên Hồng,13.96712,107.9919,GLPK27,13.96849,107.99265,CSG,2,,0.2112,Success
Gia Lai#CAX#Biển Hồ,14.05828,108.0379,GLPK23,14.03785,108.01285,CSG,2,,3.8141,Success
Gia Lai#CAX#Gào,13.88514,107.9095,GLIG14,13.9146,107.92565,CSG,2,,5.6948,Success
Gia Lai#CAX#Ia Ly,14.20828,107.8375,GLCP06,14.17063,107.86704,CSG,2,,5.7633,Success
Gia Lai#CAX#Chư Păh,14.10218,107.9681,GLCP08,14.10399,107.93015,CSG,2,,4.1715,Success
Gia Lai#CAX#Ia Khươl,14.21644,108.0466,GLCP12,14.22729,107.98948,CSG,2,,7.6397,Success
Gia Lai#CAX#Ia Phí,14.13506,107.8902,GLCP06,14.17063,107.86704,CSG,2,,5.0995,Success
Gia Lai#CAX#Bàu Cạn,13.82045,107.8712,GLCR02,13.82348,107.89296,CSG,2,,3.3739,Success
Gia Lai#CAX#Ia Boòng,13.70417,107.8934,GLCR11,13.7364332,107.956106,AGG,1,,8.988,Success
Gia Lai#CAX#Ia Lâu,13.48368,107.8729,GLCR19,13.4842,107.87315,CSG,2,,0,Success
Gia Lai#CAX#Ia Pia,13.59498,107.8897,GLCR28,13.58029,107.86524,CSG,2,,3.6786,Success
Gia Lai#CAX#Ia Tôr,13.737223,107.953534,GLCR11,13.7364332,107.956106,AGG,1,,0.4746,Success
Gia Lai#CAX#Bờ Ngoong,13.83111,108.1211,GLCS06,13.806316,108.1073,CSG,2,,3.4578,Success
Gia Lai#CAX#Ia Ko,13.58475,108.007116,GLCU12,13.59004,107.95822,CSG,2,,5.6544,Success
Gia Lai#CAX#AlBá,13.73727,108.1185,GLCS05,13.73738,108.1184,CSG,2,,0,Success
Gia Lai#CAX#Ia Le,13.45713,108.0913,N/A,N/A,N/A,N/A,N/A,N/A,N/A,No router in radius
Gia Lai#CAX#Ia Hrú,13.617778,108.114289,GLCS28,13.65337,108.09899,CSG,2,,4.829,Success
Gia Lai#CAX#An Bình,13.959361,108.61423,GLDP09,13.963024,108.6333436,CSG,2,,2.1587,Success
Gia Lai#CAX#Cửu An,13.979393,108.708116,GLAK09,13.97773,108.71429,CSG,2,,0.7927,Success
Gia Lai#CAX#Ya Hội,13.921656,108.622787,GLDP11,13.93478,108.60108,CSG,2,,4.4718,Success
Gia Lai#CAX#Kbang,14.14569,108.6028,GLAK04,14.09185,108.66287,CSG,2,,10.4539,Success
Gia Lai#CAX#Kông Bơ La,14.03458,108.6283,GLAK03,13.99493,108.65478,CSG,2,,6.1747,Success
Gia Lai#CAX#Tơ Tung,14.04349,108.527,GLDP02,13.97861,108.52669,CSG,2,,8.6746,Success
Gia Lai#CAX#Sơn Lang,14.262231,108.573973,N/A,N/A,N/A,N/A,N/A,N/A,N/A,No router in radius
Gia Lai#CAX#Đak Rong,14.41259,108.4605,N/A,N/A,N/A,N/A,N/A,N/A,N/A,No router in radius
Gia Lai#CAX#Ya Ma,13.760098,108.558788,N/A,N/A,N/A,N/A,N/A,N/A,N/A,No router in radius
Gia Lai#CAX#Chư Krey,13.868823,108.436468,N/A,N/A,N/A,N/A,N/A,N/A,N/A,No router in radius
Gia Lai#CAX#SRó,13.69352,108.61827,N/A,N/A,N/A,N/A,N/A,N/A,N/A,No router in radius
Gia Lai#CAX#Đăk Song,13.652167,108.774582,N/A,N/A,N/A,N/A,N/A,N/A,N/A,No router in radius
Gia Lai#CAX#Chơ Long,13.797103,108.43058,N/A,N/A,N/A,N/A,N/A,N/A,N/A,No router in radius
Gia Lai#CAX#Ayun Pa,13.401049,108.437849,GLAP01,13.40359,108.44148,CSG,2,,0.6639,Success
Gia Lai#CAX#Ia Rbol,13.384636,108.417832,GLAP01,13.40359,108.44148,CSG,2,,3.9547,Success
Gia Lai#CAX#Ia Sao,13.367999,108.465716,GLAP01,13.40359,108.44148,CSG,2,,6.0393,Success
Gia Lai#CAX#Chư A Thai,13.56658,108.3058,GLCS17,13.579162,108.228008,CSG,2,,14.0274,Success
Gia Lai#CAX#Ia Hiao,13.454286,108.399272,GLAP01,13.40359,108.44148,CSG,2,,7.7299,Success
Gia Lai#CAX#Pờ Tó,13.58448,108.4317,N/A,N/A,N/A,N/A,N/A,N/A,N/A,No router in radius
Gia Lai#CAX#Ia Tul,13.437678,108.469228,GLAP01,13.40359,108.44148,CSG,2,,8.1468,Success
Gia Lai#CAX#Phú Túc,13.204274,108.683067,GLKP01,13.195388,108.688647,CSG,2,,1.3587,Success
Gia Lai#CAX#Ia Dreh,13.123499,108.69745,GLKP01,13.195388,108.688647,CSG,2,,9.2075,Success
Gia Lai#CAX#Ia Rsai,13.306088,108.603516,N/A,N/A,N/A,N/A,N/A,N/A,N/A,No router in radius
Gia Lai#CAX#Uar,13.32045,108.5871,N/A,N/A,N/A,N/A,N/A,N/A,N/A,No router in radius
Gia Lai#CAX#Đăk Đoa,13.99525,108.1132,GLDD01,13.9931398,108.1189152,AGG,1,,1.3111,Success
Gia Lai#CAX#Kon Gang,14.05945,108.0952,GLDD05,14.05867,108.08603,CSG,2,,1.268,Success
Gia Lai#CAX#Ia Băng,13.89347,108.0485,GLDD14,13.89544,108.04916,CSG,2,,0.4006,Success
Gia Lai#CAX#KDang,13.99935,108.1742,GLDD03,13.988697,108.155696,CSG,2,,2.4513,Success
Gia Lai#CAX#Đăk Sơ Mei,14.16823,108.1403,GLDD07,14.1685,108.1408,CSG,2,,0.0241,Success
Gia Lai#CAX#Lơ Pang,13.940014,108.261801,GLMY12,13.98383,108.23298,CSG,2,,7.1638,Success
Gia Lai#CAX#Kon Chiêng,13.7437,108.2399,N/A,N/A,N/A,N/A,N/A,N/A,N/A,No router in radius
Gia Lai#CAX#Hra,14.02184,108.3915,N/A,N/A,N/A,N/A,N/A,N/A,N/A,No router in radius
Gia Lai#CAX#Ayun,14.119283,108.312738,GLMY05,14.05378,108.29298,CSG,2,,8.387,Success
Gia Lai#CAX#Ia Krái,13.93848,107.7504,GLIG02,13.93512,107.78781,CSG,2,,5.0952,Success
Gia Lai#CAX#Ia Hrung,14.08838,107.8949,GLIG07,14.04879,107.9422,CSG,2,,8.0577,Success
Gia Lai#CAX#Ia Đơk,13.82524,107.6741,GLDC03,13.79748,107.64458,CSG,2,,7.38,Success
Gia Lai#CAX#Ia Krêl,13.83573,107.7917,GLDC02,13.83955,107.80974,CSG,2,,2.1051,Success
Gia Lai#CAX#Ia Púch,13.65157,107.7227,N/A,N/A,N/A,N/A,N/A,N/A,N/A,No router in radius
Gia Lai#CAX#Ia Mơ,13.49632,107.7471,N/A,N/A,N/A,N/A,N/A,N/A,N/A,No router in radius
Gia Lai#CAX#Ia Pnôn,13.75565,107.6321,GLDC07,13.7762834,107.5964557,AGG,1,,6.6785,Success
Gia Lai#CAX#Ia Nan,13.72174,107.601,GLDC07,13.7762834,107.5964557,AGG,1,,9.7061,Success
Gia Lai#CAX#Ia Dom,13.77478,107.6078,GLDC07,13.7762834,107.5964557,AGG,1,,1.2807,Success
Gia Lai#CAX#Ia Chía,13.88775,107.6467,GLDC06,13.90064,107.70822,CSG,2,,8.2678,Success
Gia Lai#CAX#Ia O,13.96044,107.5314,GLIG24,13.938641,107.481644,CSG,2,,9.4592,Success
Gia Lai#CAX#Krong,14.303453,108.486452,N/A,N/A,N/A,N/A,N/A,N/A,N/A,No router in radius
Kon Tum#CAX#Đăk Cấm,14.37054,108.0073,KTKT30,14.36501,108.00809,CSG,2,,0.8427,Success
Kon Tum#CAX#Đăk BLa,14.30277,107.9937,KTKT05,14.31178273,107.9894388,CSG,2,,1.1471,Success
Kon Tum#CAX#Ngọk Bay,14.35821,107.9793,KTKT39,14.35917,107.98414,CSG,2,,0.6953,Success
Kon Tum#CAX#Ia Chim,14.314,107.925,KTKT11,14.30969,107.93188,CSG,2,,1.1302,Success
Kon Tum#CAX#Đăk Rơ Wa,14.38152,108.0292,KTKT50,14.37033,108.0201,CSG,2,,2.0446,Success
Kon Tum#CAX#Đăk Pxi,14.63005,107.9253,KTDH02,14.59089,107.91515,CSG,2,,5.6869,Success
Kon Tum#CAX#Đăk Mar,14.54562,107.92,KTDH06,14.53835,107.91962,CSG,2,,1.0408,Success
Kon Tum#CAX#Đăk Ui,14.53098,107.9402,KTDH15,14.53635,107.95154,CSG,2,,1.6411,Success
Kon Tum#CAX#Ngọk Réo,14.48675,108.0398,KTDH08,14.50654,108.00968,CSG,2,,5.3231,Success
Kon Tum#CAX#Ngọk Tụ,14.7168,107.7943,KTDT17,14.7280737,107.7528482,CSG,2,,4.8718,Success
Kon Tum#CAX#Kon Đào,14.69842,107.8363,KTDT04,14.7122658,107.8294426,CSG,2,,1.7578,Success
Kon Tum#CAX#Đăk Sao,14.96255,107.833,N/A,N/A,N/A,N/A,N/A,N/A,N/A,No router in radius
Kon Tum#CAX#Đăk Tờ Kan,14.84544,107.8715,N/A,N/A,N/A,N/A,N/A,N/A,N/A,No router in radius
Kon Tum#CAX#Măng Ri,14.95594,107.9278,N/A,N/A,N/A,N/A,N/A,N/A,N/A,No router in radius
Kon Tum#CAX#Bờ Y,14.72453,107.6878,KTNH17,14.7320628,107.6928822,CSG,2,,1.1699,Success
Kon Tum#CAX#Sa Loong,14.6172,107.6381,KTNH03,14.65709,107.69801,CSG,2,,10.5604,Success
Kon Tum#CAX#Dục Nông,14.7864,107.6984,KTNH17,14.7320628,107.6928822,CSG,2,,7.2817,Success
Kon Tum#CAX#Xốp,15.17024,107.7848,N/A,N/A,N/A,N/A,N/A,N/A,N/A,No router in radius
Kon Tum#CAX#Ngọc Linh,15.11369,107.9351,N/A,N/A,N/A,N/A,N/A,N/A,N/A,No router in radius
Kon Tum#CAX#Đăk Plô,15.24854,107.6717,N/A,N/A,N/A,N/A,N/A,N/A,N/A,No router in radius
Kon Tum#CAX#Đăk Pék,15.07657,107.741,N/A,N/A,N/A,N/A,N/A,N/A,N/A,No router in radius
Kon Tum#CAX#Đăk Môn,14.88888,107.7083,N/A,N/A,N/A,N/A,N/A,N/A,N/A,No router in radius
Kon Tum#CAX#Sa Bình,14.48805,107.8427,KTDH04,14.46181,107.91134,CSG,2,,10.1128,Success
Kon Tum#CAX#Ya Ly,14.36182,107.803,KTST_newsite1,14.40548,107.79854,AGG,1,,5.7977,Success
Kon Tum#CAX#Ia Tơi,14.09742,107.4558,N/A,N/A,N/A,N/A,N/A,N/A,N/A,No router in radius
Kon Tum#CAX#Đăk Rve,14.50692,108.2416,N/A,N/A,N/A,N/A,N/A,N/A,N/A,No router in radius
Kon Tum#CAX#Măng đen,14.59781,108.2925,N/A,N/A,N/A,N/A,N/A,N/A,N/A,No router in radius
Kon Tum#CAX#Măng Bút,14.9224,108.2547,N/A,N/A,N/A,N/A,N/A,N/A,N/A,No router in radius
Kon Tum#CAX#Kon Plông,14.65346,108.4395,N/A,N/A,N/A,N/A,N/A,N/A,N/A,No router in radius
Kon Tum#CAX#Đăk Long,14.93439,107.5782,N/A,N/A,N/A,N/A,N/A,N/A,N/A,No router in radius
Kon Tum#CAX#Ia Đal,14.14355,107.421,N/A,N/A,N/A,N/A,N/A,N/A,N/A,No router in radius
Kon Tum#CAX#Mô Rai,14.37852,107.5463,N/A,N/A,N/A,N/A,N/A,N/A,N/A,No router in radius
Kon Tum#CAX#Rờ Kơi,14.51845,107.7378,KTST03,14.44606,107.78763,CSG,2,,12.6488,Success
Đăk Lăk#CAX#Buôn Ma Thuột,12.712313,108.06892,DLBT84,12.7104,108.061,CSG,2,,1.391,Success
Đăk Lăk#CAX#Tân An,12.69684,108.0724,DLBT24,12.701491,108.075671,CSG,2,,1.3339,Success
Đăk Lăk#CAX#Tân Lập,12.65451,108.1073,DLBT05,12.657706,108.107314,CSG,2,,0.6889,Success
Đăk Lăk#CAX#Thành Nhất,12.68287,108.0158,DLBT89,12.683267,108.00995,CSG,2,,0.7644,Success
Đăk Lăk#CAX#Ea Kao,12.66006,108.0303,DLBT88,12.65822,108.03116,CSG,2,,0.4427,Success
Đăk Lăk#CAX#Hòa Phú,12.61763,107.9401,DLBT1T,12.61488,107.93372,CSG,2,,0.892,Success
Đăk Lăk#CAX#Cư Bao,12.84543,108.2472,DLBH31,12.86139,108.25827,CSG,2,,3.0471,Success
Đăk Lăk#CAX#Ea Drông,12.90038,108.3205,DLKN14,12.950532,108.306427,CSG,2,,6.2608,Success
Đăk Lăk#CAX#Ea Rốk,13.23231,107.8261,N/A,N/A,N/A,N/A,N/A,N/A,N/A,No router in radius
Đăk Lăk#CAX#Ea Bung,13.0918,107.8576,N/A,N/A,N/A,N/A,N/A,N/A,N/A,No router in radius
Đăk Lăk#CAX#Ia Rvê,13.23756,107.6385,N/A,N/A,N/A,N/A,N/A,N/A,N/A,No router in radius
Đăk Lăk#CAX#Ia Lốp,13.32231,107.6966,N/A,N/A,N/A,N/A,N/A,N/A,N/A,No router in radius
Đăk Lăk#CAX#Ea Nuôl,12.69461,107.9611,DLBT20,12.67664,107.99387,CSG,2,,4.2896,Success
Đăk Lăk#CAX#Buôn Đôn,12.8868,107.79,DLBD01,12.84513,107.857798,CSG,2,,9.6466,Success
Đăk Lăk#CAX#Ea Kiết,12.94074,108.0208,DLCG08,12.89577,108.06609,CSG,2,,8.9277,Success
Đăk Lăk#CAX#Ea M’Droh,12.86058,107.9652,DLCG33,12.85889,107.97312,CSG,2,,0.8992,Success
Đăk Lăk#CAX#Cuôr Đăng,12.75332,108.1683,DLBT25,12.74271,108.1538,CSG,2,,2.3247,Success
Đăk Lăk#CAX#Cư M’gar,12.85251,108.1049,DLCG06,12.8522,108.100367,CSG,2,,0.7256,Success
Đăk Lăk#CAX#Ea Tul,12.9107,108.1902,DLCG03,12.911,108.19305,AGG,1,,0.3936,Success
Đăk Lăk#CAX#Pơng Drang,12.97057,108.2454,DLKB36,12.96256,108.2495,CSG,2,,2.2002,Success
Đăk Lăk#CAX#Krông Búk,13.03864,108.2186,DLKB31,13.045997,108.226398,CSG,2,,1.6474,Success
Đăk Lăk#CAX#Cư Pơng,13.00979,108.1509,DLKB22,13.011552,108.152158,CSG,2,,0.4156,Success
Đăk Lăk#CAX#Ea Khăl,13.18641,108.1683,DLEH01,13.210478,108.206323,CSG,2,,5.8148,Success
Đăk Lăk#CAX#Ea Wy,13.20992,108.0375,DLEH03,13.223465,108.089773,CSG,2,,6.1853,Success
Đăk Lăk#CAX#Ea H’leo,13.35402,108.1565,DLEH13,13.31533,108.1491,CSG,2,,4.5603,Success
Đăk Lăk#CAX#Ea Hiao,13.26653,108.2872,DLEH07,13.26726066,108.2903511,CSG,2,,0.357,Success
Đăk Lăk#CAX#Dliê Ya,13.11643,108.3293,DLKN15,13.11379,108.3287,CSG,2,,0.3455,Success
Đăk Lăk#CAX#Tam Giang,13.07187,108.4347,DLKN34,13.0474795,108.3976334,CSG,2,,7.4896,Success
Đăk Lăk#CAX#Phú Xuân,12.93847,108.4366,DLKN25,12.9287092,108.4170491,CSG,2,,3.8347,Success
Đăk Lăk#CAX#Ea Knuếc,12.70389,108.1564,DLKP03,12.703585,108.1505,CSG,2,,0.9018,Success
Đăk Lăk#CAX#Tân Tiến,12.63379,108.3838,DLKP17,12.662,108.34816,AGG,1,,5.5821,Success
Đăk Lăk#CAX#Ea Phê,12.72793,108.3632,DLKP37,12.74423,108.37342,CSG,2,,2.2976,Success
Đăk Lăk#CAX#Ea Kly,12.76228,108.4145,DLKP05,12.76275,108.41395,CSG,2,,0.2363,Success
Đăk Lăk#CAX#Vụ Bổn,12.6589,108.4328,DLKP06,12.66254,108.4313,CSG,2,,0.5485,Success
Đăk Lăk#CAX#Ea Ô,12.7073,108.4895,DLEK25,12.69601,108.463877,CSG,2,,3.358,Success
Đăk Lăk#CAX#Ea Knốp,12.80333,108.5412,DLEK03,12.803688,108.540983,CSG,2,,0.1305,Success
Đăk Lăk#CAX#Cư Yang,12.66002,108.6159,N/A,N/A,N/A,N/A,N/A,N/A,N/A,No router in radius
Đăk Lăk#CAX#Ea Riêng,12.75332,108.8028,N/A,N/A,N/A,N/A,N/A,N/A,N/A,No router in radius
Đăk Lăk#CAX#Cư M'ta,12.71738,108.7661,N/A,N/A,N/A,N/A,N/A,N/A,N/A,No router in radius
Đăk Lăk#CAX#Krông Á,12.55997,108.7317,N/A,N/A,N/A,N/A,N/A,N/A,N/A,No router in radius
Đăk Lăk#CAX#Cư Prao,12.8994,108.6849,N/A,N/A,N/A,N/A,N/A,N/A,N/A,No router in radius
Đăk Lăk#CAX#Ea Trang,12.62058,108.8295,N/A,N/A,N/A,N/A,N/A,N/A,N/A,No router in radius
Đăk Lăk#CAX#Hòa Sơn,12.50337,108.2297,DLKG05,12.50553,108.23848,CSG,2,,1.2815,Success
Đăk Lăk#CAX#Dang Kang,12.57304,108.3352,DLKG16,12.574827,108.336872,CSG,2,,0.2623,Success
Đăk Lăk#CAX#Yang Mao,12.45392,108.5683,N/A,N/A,N/A,N/A,N/A,N/A,N/A,No router in radius
Đăk Lăk#CAX#Cư Pui,12.50856,108.5022,N/A,N/A,N/A,N/A,N/A,N/A,N/A,No router in radius
Đăk Lăk#CAX#Đắk Liêng,12.40203,108.1573,DLLK02,12.406426,108.199624,CSG,2,,5.3005,Success
Đăk Lăk#CAX#Nam Ka,12.29005,108.0289,N/A,N/A,N/A,N/A,N/A,N/A,N/A,No router in radius
Đăk Lăk#CAX#Đắk Phơi,12.36766,108.1568,DLLK02,12.406426,108.199624,CSG,2,,8.7331,Success
Đăk Lăk#CAX#Krông Nô,12.1976,108.1296,N/A,N/A,N/A,N/A,N/A,N/A,N/A,No router in radius
Đăk Lăk#CAX#Ea Ning,12.6092,108.2086,DLCK03,12.59915,108.160133,CSG,2,,10.5904,Success
Đăk Lăk#CAX#Ea Ktur,12.62814,108.1455,DLCK09,12.6076812,108.1245741,CSG,2,,3.7905,Success
Đăk Lăk#CAX#Dur Kmăl,12.4676,108.0886,N/A,N/A,N/A,N/A,N/A,N/A,N/A,No router in radius
Đăk Lăk#CAX#Ea Na,12.51955,108.042,DLBT56,12.603598,108.032314,CSG,2,,20.0032,Success
Đăk Lăk#CAX#Ea Păl,12.7257,108.5551,DLEK04,12.72872,108.55242,CSG,2,,0.6102,Success
Khánh Hòa#CAX#Nam Nha Trang,12.2116,109.1942,KHNT72,12.2105317,109.19267,CSG,2,,0.2442,Success
Khánh Hòa#CAX#Nha Trang,12.24928,109.1925,KHNT60,12.24732201,109.18725,CSG,2,,0.7779,Success
Khánh Hòa#CAX#Tây Nha Trang,12.25114,109.1864,KHNT05,12.2492,109.1834,CSG,2,,0.5891,Success
Khánh Hòa#CAX#Cam Ranh,11.92552,109.1637,KHCR50,11.9188041,109.1602275,CSG,2,,1.1052,Success
Khánh Hòa#CAX#Bắc Cam Ranh,11.9756,109.1961,KHCR02,11.99082,109.1935,AGG,1,,2.1585,Success
Khánh Hòa#CAX#Cam An,11.96294,109.095,KHCR27,11.96666771,109.1066679,CSG,2,,2.315,Success
Khánh Hòa#CAX#Cam Hiệp,12.03192,109.1282,KHCL02,12.03129996,109.1292599,CSG,2,,0.1848,Success
Khánh Hòa#CAX#Cam Lâm,12.07444,109.1681,KHCL12,12.0725,109.1583,CSG,2,,1.8065,Success
Khánh Hòa#CAX#Cam Linh,11.90677,109.1464,KHCR18,11.9114,109.1472,CSG,2,,0.8422,Success
Khánh Hòa#CAX#Ba Ngòi,11.94161,109.1131,KHCR47,11.94107001,109.1132701,CSG,2,,0.0541,Success
Khánh Hòa#CAX#Nam Cam Ranh,11.87272,109.0809,KHCR13,11.88072776,109.1102901,CSG,2,,3.6935,Success
Khánh Hòa#CAX#Đông Ninh Hòa,12.55549,109.2176,KHNH32,12.55729,109.21827,CSG,2,,0.3383,Success
Khánh Hòa#CAX#Bắc Ninh Hòa,12.554,109.1653,KHNH20,12.5296,109.1599,CSG,2,,3.1905,Success
Khánh Hòa#CAX#Vạn Hưng,12.67052,109.1511,KHVN23,12.64482,109.19394,AGG,1,,7.0164,Success
Khánh Hòa#CAX#Ninh Hòa,12.50973,109.1375,KHNH19,12.5036001,109.1399001,CSG,2,,1.6881,Success
Khánh Hòa#CAX#Hòa Thắng,12.48016,109.1325,KHNH10,12.47243,109.12482,CSG,2,,1.5051,Success
Khánh Hòa#CAX#Tân Định,12.48945,109.1137,KHNH12,12.49976,109.11405,CSG,2,,1.6652,Success
Khánh Hòa#CAX#Nam Ninh Hòa,12.43276,109.1218,KHNH10,12.47243,109.12482,CSG,2,,5.9895,Success
Khánh Hòa#CAX#Tây Ninh Hòa,12.54083,109.0075,KHNH06,12.53568,109.02736,AGG,1,,2.496,Success
Khánh Hòa#CAX#Hòa Trí,12.57239,109.0627,KHNH44,12.52466,109.10231,CSG,2,,8.0282,Success
Khánh Hòa#CAX#Vạn Ninh,12.69077,109.2209,KHVN29,12.69361,109.22722,CSG,2,,1.2607,Success
Khánh Hòa#CAX#Vạn Thắng,12.70482,109.2369,KHVN04,12.70534,109.23683,AGG,1,,0.2481,Success
Khánh Hòa#CAX#Tu Bông,12.77881,109.3127,KHVN03,12.77003,109.30425,CSG,2,,1.597,Success
Khánh Hòa#CAX#Đại Lãnh,12.80321,109.3338,KHVN55,12.80504,109.33852,CSG,2,,1.1571,Success
Khánh Hòa#CAX#Diên Khánh,12.2563,109.0941,KHDKMA01,12.2572477,109.1071688,AGG,1,,1.9116,Success
Khánh Hòa#CAX#Diên Điền,12.27603,109.1203,KHDK08,12.275289,109.117662,CSG,2,,0.378,Success
Khánh Hòa#CAX#Bắc Nha Trang,12.28234,109.1981,KHNT88,12.28850301,109.196216,CSG,2,,0.8608,Success
Khánh Hòa#CAX#Diên Lạc,11.22509,109.0551,N/A,N/A,N/A,N/A,N/A,N/A,N/A,No router in radius
Khánh Hòa#CAX#Diên Lâm,12.26904,109.0334,KHDK25,12.26144,109.03792,AGG,1,,1.5255,Success
Khánh Hòa#CAX#Bắc Khánh Vĩnh,12.35885,108.9607,KHKV05,12.36449,108.95507,CSG,2,,0.8908,Success
Khánh Hòa#CAX#Trung Khánh Vĩnh,12.38491,108.9225,KHKV08,12.40196,108.94824,CSG,2,,5.0323,Success
Khánh Hòa#CAX#Suối Hiệp,12.22102,109.0838,KHDK06,12.2132684,109.0743424,AGG,1,,2.6077,Success
Khánh Hòa#CAX#Suối Dầu,12.19215,109.066,KHDK12,12.209992,109.042219,CSG,2,,3.6177,Success
Khánh Hòa#CAX#Diên Thọ,12.24306,108.985,KHDK25,12.26144,109.03792,AGG,1,,7.4478,Success
Khánh Hòa#CAX#Khánh Vĩnh,12.28142,108.9056,KHDK07,12.31553,108.98029,CSG,2,,17.5433,Success
Khánh Hòa#CAX#Nam Khánh Vĩnh,12.26739,108.8156,N/A,N/A,N/A,N/A,N/A,N/A,N/A,No router in radius
Khánh Hòa#CAX#Tây Khánh Vĩnh,12.26968,108.8086,N/A,N/A,N/A,N/A,N/A,N/A,N/A,No router in radius
Khánh Hòa#CAX#Đông Khánh Sơn,12.02711,108.9556,N/A,N/A,N/A,N/A,N/A,N/A,N/A,No router in radius
Khánh Hòa#CAX#Khánh Sơn,12.0057,108.9494,N/A,N/A,N/A,N/A,N/A,N/A,N/A,No router in radius
Khánh Hòa#CAX#Tây Khánh Sơn,12.02875,108.8678,N/A,N/A,N/A,N/A,N/A,N/A,N/A,No router in radius
Bình Định#CAX#Quy Nhơn,13.765774,109.224477,BDQN90,13.767781,109.223002,CSG,2,,0.5058,Success
Bình Định#CAX#Quy Nhơn Nam,13.75546,109.207434,BDQN31,13.751902,109.210256,AGG,1,,0.5175,Success
Bình Định#CAX#Quy Nhơn Bắc,13.786061,109.1486,BDQN65,13.78744,109.14025,CSG,2,,1.0369,Success
Bình Định#CAX#Quy Nhơn Tây,13.746728,109.152121,BDQN63,13.748088,109.152633,CSG,2,,0.1549,Success
Bình Định#CAX#Quy Nhơn Đông,13.88068,109.2489,BDQN73,13.85191,109.25491,CSG,2,,3.4262,Success
Bình Định#CAX#Bình Định,13.88684,109.1105,BDAN28,13.88265,109.10948,CSG,2,,0.5419,Success
Bình Định#CAX#An Nhơn,13.91385,109.0666,BDAN16,13.91153,109.09242,CSG,2,,3.5656,Success
Bình Định#CAX#An Nhơn Đông,13.89984,109.1074,BDAN18,13.8974,109.10811,CSG,2,,0.3949,Success
Bình Định#CAX#An Nhơn Bắc,13.9479,109.0654,BDAN26,13.94391,109.06499,CSG,2,,0.8705,Success
Bình Định#CAX#An Nhơn Nam,13.8638,109.0976,BDAN28,13.88265,109.10948,CSG,2,,2.6731,Success
Bình Định#CAX#An Nhơn Tây,13.8689,109.0433,BDAN11,13.85612,109.05981,CSG,2,,4.2877,Success
Bình Định#CAX#Bồng Sơn,14.43175,109.0147,BDHN33,14.42824,109.01024,AGG,1,,0.8666,Success
Bình Định#CAX#Hoài Nhơn Nam,14.4515,109.0426,BDHN33,14.42824,109.01024,AGG,1,,5.1204,Success
Bình Định#CAX#Hoài Nhơn Đông,14.48699,109.0867,BDHN05,14.46763,109.09768,CSG,2,,2.7814,Success
Bình Định#CAX#Hoài Nhơn,14.53167,109.056,BDHN36,14.54229,109.06412,CSG,2,,1.7892,Success
Bình Định#CAX#Hoài Nhơn Tây,14.54479,109.0047,BDHN13,14.54414,109.00381,CSG,2,,0.1192,Success
Bình Định#CAX#Tam Quan,14.54617,109.0429,BDHN48,14.54907,109.03832,CSG,2,,0.7006,Success
Bình Định#CAX#Hoài Nhơn Bắc,14.55848,109.0539,BDHN42,14.55938,109.05563,CSG,2,,0.3476,Success
Bình Định#CAX#Phù Cát,13.9825,109.0617,BDPC03,13.98828,109.05901,AGG,1,,0.9202,Success
Bình Định#CAX#Xuân An,13.97289,109.1052,BDPC33,13.96764,109.11652,CSG,2,,1.3903,Success
Bình Định#CAX#Ngô Mây,13.9505,109.18,BDPC14,13.963173,109.18232,CSG,2,,1.7311,Success
Bình Định#CAX#Cát Tiến,13.94914,109.2362,BDPC23,13.92076,109.21033,CSG,2,,5.3161,Success
Bình Định#CAX#Đề Gi,14.11236,109.183,BDPCMA01,14.1304,109.16472,AGG,1,,3.2855,Success
Bình Định#CAX#Hòa Hội,14.069138,109.045012,BDPC01,14.04745,109.04865,CSG,2,,2.6479,Success
Bình Định#CAX#Hội Sơn,14.07484,108.9866,BDPC13,14.04194,109.01485,CSG,2,,5.7407,Success
Bình Định#CAX#Phù Mỹ,14.168762,109.048875,BDPM27,14.17696,109.04533,AGG,1,,1.6474,Success
Bình Định#CAX#Phù Mỹ Tây,14.21586,109.042,BDPM01,14.20188,109.06119,CSG,2,,4.4597,Success
Bình Định#CAX#Phù Mỹ Nam,14.12068,109.0441,BDPM04,14.11979,109.04575,CSG,2,,0.3763,Success
Bình Định#CAX#An Lương,14.15848,109.1183,BDPM03,14.15923,109.12431,CSG,2,,0.9993,Success
Bình Định#CAX#Phù Mỹ Đông,14.27547,109.1751,BDPM25,14.28032,109.1816,CSG,2,,1.2195,Success
Bình Định#CAX#Bình Dương,14.294632,109.078681,BDPM24,14.29265,109.0906,CSG,2,,1.7939,Success
Bình Định#CAX#Phù Mỹ Bắc,14.3067,109.0726,BDPM10,14.31623,109.06556,CSG,2,,1.9689,Success
Bình Định#CAX#Tuy Phước Tây,13.77407,109.1123,BDTP09,13.8125,109.11533,CSG,2,,5.3565,Success
Bình Định#CAX#Tuy Phước,13.826875,109.166877,BDTP17,13.82664,109.16555,CSG,2,,0.191,Success
Bình Định#CAX#Tuy Phước Bắc,13.889192,109.145929,BDTP39,13.88678,109.14018,CSG,2,,1.169,Success
Bình Định#CAX#Tuy Phước Đông,13.866592,109.188108,BDTP04,13.86549,109.18761,AGG,1,,0.2404,Success
Bình Định#CAX#Bình Khê,13.983682,108.801572,GLAK09,13.97773,108.71429,CSG,2,,14.3074,Success
Bình Định#CAX#Bình Phú,13.90352,108.9102,N/A,N/A,N/A,N/A,N/A,N/A,N/A,No router in radius
Bình Định#CAX#Bình Hiệp,13.95306,109.0035,BDAN07,13.909714,109.018394,CSG,2,,7.1442,Success
Bình Định#CAX#Bình An,13.93208,108.9601,BDAN07,13.909714,109.018394,CSG,2,,9.3386,Success
Bình Định#CAX#Hoài Ân,14.36452,108.9684,BDHA15,14.37886,108.96823,CSG,2,,3.4605,Success
Bình Định#CAX#Ân Tường,14.31078,108.918,BDHA15,14.37886,108.96823,CSG,2,,12.5432,Success
Bình Định#CAX#Kim Sơn,14.28505,108.8954,N/A,N/A,N/A,N/A,N/A,N/A,N/A,No router in radius
Bình Định#CAX#Vạn Đức,14.389684,108.911291,BDHA02,14.42088,108.94231,CSG,2,,6.4366,Success
Bình Định#CAX#Ân Hảo,14.42945,108.9627,BDHA02,14.42088,108.94231,CSG,2,,4.4388,Success
Bình Định#CAX#Canh Vinh,13.7334,109.0827,BDTP09,13.8125,109.11533,CSG,2,,11.3475,Success
Bình Định#CAX#Canh Liên,13.62185,108.907,N/A,N/A,N/A,N/A,N/A,N/A,N/A,No router in radius
Bình Định#CAX#Vĩnh Thạnh,14.10667,108.7864,N/A,N/A,N/A,N/A,N/A,N/A,N/A,No router in radius
Bình Định#CAX#Vĩnh Thịnh,14.08128,108.7949,N/A,N/A,N/A,N/A,N/A,N/A,N/A,No router in radius
Bình Định#CAX#Vĩnh Quang,14.06517,108.7919,N/A,N/A,N/A,N/A,N/A,N/A,N/A,No router in radius
Bình Định#CAX#Vĩnh Sơn,14.33564,108.7527,N/A,N/A,N/A,N/A,N/A,N/A,N/A,No router in radius
Bình Định#CAX#An Hòa,14.557906,108.900708,N/A,N/A,N/A,N/A,N/A,N/A,N/A,No router in radius
Bình Định#CAX#An Lão,14.608145,108.889583,N/A,N/A,N/A,N/A,N/A,N/A,N/A,No router in radius
Bình Định#CAX#An Vinh,14.64189,108.8793,N/A,N/A,N/A,N/A,N/A,N/A,N/A,No router in radius
Bình Định#CAX#An Toàn,14.53395,108.7282,N/A,N/A,N/A,N/A,N/A,N/A,N/A,No router in radius
Quảng Trị#CAX#Hướng Việt,16.82952,106.5646,N/A,N/A,N/A,N/A,N/A,N/A,N/A,No router in radius
Quảng Trị#CAX#Hướng Phùng,16.73454,106.5769,N/A,N/A,N/A,N/A,N/A,N/A,N/A,No router in radius
Quảng Trị#CAX#Ba Tầng,16.5089,106.7988,N/A,N/A,N/A,N/A,N/A,N/A,N/A,No router in radius
Quảng Trị#CAX#Tà Rụt,16.51794,106.9884,N/A,N/A,N/A,N/A,N/A,N/A,N/A,No router in radius
Quảng Trị#CAX#Đak Rong (CS2-Tà Long),16.575,106.9609,N/A,N/A,N/A,N/A,N/A,N/A,N/A,No router in radius
Huế#CAX#Thanh Thủy (CS2),16.4432,107.6205,HUHT12,16.44264,107.62355,CSG,2,,0.5532,Success
Huế#CAX#Bình Điền,16.34926,107.5051,HUPX72,16.375989,107.564828,CSG,2,,7.6637,Success
Huế#CAX#Hương Phú,16.18744,107.7273,N/A,N/A,N/A,N/A,N/A,N/A,N/A,No router in radius
Phú Yên#CAX#Hòa Hiệp (CS2),12.99784,109.3701,PYDH24,13.00134,109.37525,CSG,2,,0.7752,Success
Quảng Nam#CAX#Thạnh Mỹ,15.7445,107.8319,N/A,N/A,N/A,N/A,N/A,N/A,N/A,No router in radius
Kon Tum#CAX#Đăk Tăng,14.7669,108.2268,N/A,N/A,N/A,N/A,N/A,N/A,N/A,No router in radius
Kon Tum#CAX#Đăk Nên,14.98743,108.2636,N/A,N/A,N/A,N/A,N/A,N/A,N/A,No router in radius
Kon Tum#CAX#Ngọk Tem,14.8389,108.3769,N/A,N/A,N/A,N/A,N/A,N/A,N/A,No router in radius
Kon Tum#CAX#Pô Kô,14.60635,107.8362,KTDT07,14.6315626,107.8488856,CSG,2,,5.6327,Success
Kon Tum#CAX#Mô Rai 2,14.37852,107.5463,N/A,N/A,N/A,N/A,N/A,N/A,N/A,No router in radius
Kon Tum#CAX#Đăk Kroong,14.97553,107.7273,N/A,N/A,N/A,N/A,N/A,N/A,N/A,No router in radius
Kon Tum#CAX#Xốp 2,15.17024,107.7848,N/A,N/A,N/A,N/A,N/A,N/A,N/A,No router in radius
Kon Tum#CAX#Măng Ri (Cũ),14.95594,107.9278,N/A,N/A,N/A,N/A,N/A,N/A,N/A,No router in radius
Kon Tum#CAX#Mường Hoong,15.11369,107.9351,N/A,N/A,N/A,N/A,N/A,N/A,N/A,No router in radius
Gia Lai#CAX#Lơ Ku,14.154801,108.513631,N/A,N/A,N/A,N/A,N/A,N/A,N/A,No router in radius
Đăk Lăk#CAX#Ya Tờ Mốt,13.11938,107.8263,N/A,N/A,N/A,N/A,N/A,N/A,N/A,No router in radius
Khánh Hòa#CAX#Đông Khánh Sơn,12.02711,108.9556,N/A,N/A,N/A,N/A,N/A,N/A,N/A,No router in radius
Bình Định#CAX#Ân Hảo Tây,14.466346,108.916019,BDHA02,14.42088,108.94231,CSG,2,,7.5552,Success
Bình Định#CAX#An Quang,14.54123,108.8763,N/A,N/A,N/A,N/A,N/A,N/A,N/A,No router in radius
Kon Tum#CAX#Đăk Nhoong,15.062,107.6701,N/A,N/A,N/A,N/A,N/A,N/A,N/A,No router in radius
"Quảng Ngãi#CAX#Trạm csgt Đức Phổ, PC08",14.76715,108.9868,QNDP04,14.81176,108.95303,CSG,2,,6.6281,Success
Bình Định#CAX#CA Công an tỉnh,13.76939,109.2255,BDQN90,13.767781,109.223002,CSG,2,,0.6226,Success
